name,portion,food_source,calories,protein,carbs,fat,fiber,saturated_fat,trans_fat,monounsaturated_fat,polyunsaturated_fat,sugar,added_sugar,sodium,calcium,iron,magnesium,phosphorus,potassium,zinc,vitamin_a,vitamin_c,vitamin_d,vitamin_e,vitamin_k,vitamin_b1,vitamin_b2,vitamin_b3,vitamin_b6,vitamin_b12,folate,cholesterol,water,caffeine,alcohol,is_favorite,nutritionist_id,external_id,created_at,updated_at
"Arroz, integral, cozido",100g,TACO,123.53,2.59,25.81,1.0,2.75,,,,,,,1.24,5.2,0.26,58.7,105.85,75.15,0.68,,,,,,0.08,,,0.08,,,,70.14,,,false,,taco_001,,
"Arroz, integral, cru",100g,TACO,359.68,7.32,77.45,1.86,4.82,,,,,,,1.65,7.82,0.95,109.71,250.87,173.34,1.4,,,,,,0.26,,4.18,0.17,,,,12.18,,,false,,taco_002,,
"Arroz, tipo 1, cozido",100g,TACO,128.26,2.52,28.06,0.23,1.56,,,,,,,1.2,3.54,0.08,2.25,17.95,14.67,0.49,,,,,,,,,,,,,69.11,,,false,,taco_003,,
"Arroz, tipo 1, cru",100g,TACO,357.79,7.16,78.76,0.34,1.64,,,,,,,1.02,4.41,0.68,30.38,104.21,62.5,1.22,,,,,,0.16,,1.12,0.07,,,,13.22,,,false,,taco_004,,
"Arroz, tipo 2, cozido",100g,TACO,130.12,2.57,28.19,0.36,1.07,,,,,,,1.96,3.33,0.05,6.05,21.52,20.2,0.55,,,,,,,,,,,,,68.73,,,false,,taco_005,,
"Arroz, tipo 2, cru",100g,TACO,358.12,7.24,78.88,0.28,1.72,,,,,,,0.57,4.83,0.6,29.24,82.04,57.28,1.27,,,,,,0.16,,0.92,0.05,,,,13.16,,,false,,taco_006,,
"Aveia, flocos, crua",100g,TACO,393.82,13.92,66.64,8.5,9.13,,,,,,,4.63,47.89,4.45,118.76,153.4,336.33,2.63,,1.35,,,,0.55,0.03,4.47,,,,,9.13,,,false,,taco_007,,
"Biscoito, doce, maisena",100g,TACO,442.82,8.07,75.23,11.97,2.1,,,,,,,352.03,54.45,1.76,37.14,166.1,141.64,1.03,,6.22,,,,1.01,0.42,3.91,0.23,,,,3.22,,,false,,taco_008,,
"Biscoito, doce, recheado com chocolate",100g,TACO,471.82,6.4,70.55,19.58,2.96,,,,,,,239.2,27.23,2.27,47.98,139.45,232.4,0.99,,3.53,,,,0.32,0.39,2.52,0.46,,,,2.18,,,false,,taco_009,,
"Biscoito, doce, recheado com morango",100g,TACO,471.17,5.72,71.01,19.57,1.53,,,,,,,229.82,35.78,1.48,27.1,137.74,113.01,0.73,,,,,,0.9,0.42,1.5,0.21,,,,2.73,,,false,,taco_010,,
"Biscoito, doce, wafer, recheado de chocolate",100g,TACO,502.46,5.56,67.54,24.67,1.8,,,,,,,137.24,23.34,2.44,47.85,124.2,240.45,0.87,,,,,,0.37,0.03,1.12,0.3,,,,1.17,,,false,,taco_011,,
"Biscoito, doce, wafer, recheado de morango",100g,TACO,513.45,4.52,67.35,26.4,0.82,,,,,,,119.9,13.71,1.09,18.54,73.16,74.84,0.51,,,,,,0.36,,0.37,0.94,,,1.27,1.17,,,false,,taco_012,,
"Biscoito, salgado, cream cracker",100g,TACO,431.73,10.06,68.73,14.44,2.51,,,,,,,854.36,20.0,2.2,39.75,148.26,180.61,1.14,,,,,,0.71,0.13,7.14,0.17,,,,4.06,,,false,,taco_013,,
"Bolo, mistura para",100g,TACO,418.63,6.16,84.71,6.13,1.7,,,,,,,462.88,58.88,1.21,27.92,332.66,75.36,0.58,,,,,,0.18,,1.52,1.5,,,,1.0,,,false,,taco_014,,
"Bolo, pronto, aipim",100g,TACO,323.85,4.42,47.86,12.75,0.69,,,,,,,111.01,85.02,0.49,10.34,122.19,134.82,0.42,,,,,,0.13,0.07,,,,,73.2,34.13,,,false,,taco_015,,
"Bolo, pronto, chocolate",100g,TACO,410.01,6.22,54.72,18.47,1.43,,,,,,,283.3,74.58,2.13,27.69,196.98,211.76,0.71,,,,,,0.13,0.09,,0.05,,,76.8,19.28,,,false,,taco_016,,
"Bolo, pronto, coco",100g,TACO,333.44,5.67,52.28,11.3,1.05,,,,,,,190.34,57.11,0.85,16.25,303.4,143.29,0.68,,,,,,0.15,0.06,,,,,63.21,29.32,,,false,,taco_017,,
"Bolo, pronto, milho",100g,TACO,311.39,4.8,45.11,12.41,0.71,,,,,,,133.81,82.58,0.65,10.25,128.2,118.43,0.43,,,,,,0.11,0.05,,,,,81.69,36.69,,,false,,taco_018,,
"Canjica, branca, crua",100g,TACO,357.6,7.2,78.06,0.97,5.5,,,,,,,0.79,1.96,0.32,12.32,48.5,92.95,0.36,,,,,,,,,,,,,13.56,,,false,,taco_019,,
"Canjica, com leite integral",100g,TACO,112.46,2.36,23.63,1.24,1.22,,,,,,,27.59,42.56,0.06,5.84,40.58,69.81,0.28,,,,,,,0.04,,,,,1.35,72.49,,,false,,taco_020,,
"Cereais, milho, flocos, com sal",100g,TACO,369.6,7.29,80.83,1.6,5.29,,,,,,,271.74,1.81,0.52,20.1,90.77,68.66,0.61,,,,,,0.12,,,0.06,,,,9.29,,,false,,taco_021,,
"Cereais, milho, flocos, sem sal",100g,TACO,363.34,6.88,80.45,1.18,1.84,,,,,,,30.97,1.97,1.69,16.55,58.36,28.7,0.33,,,,,,0.05,,,0.04,,,,11.22,,,false,,taco_022,,
"Cereais, mingau, milho, infantil",100g,TACO,394.43,6.43,87.27,1.09,3.21,,,,,,,399.4,218.81,3.03,16.03,169.16,82.02,0.36,,109.37,,,,3.72,0.47,24.16,5.08,,,,4.7,,,false,,taco_023,,
"Cereais, mistura para vitamina, trigo, cevada e aveia",100g,TACO,381.13,8.9,81.62,2.12,4.98,,,,,,,1163.26,584.25,12.64,72.27,515.04,244.36,2.02,,13.11,,,,0.76,0.88,7.46,1.49,,,,4.37,,,false,,taco_024,,
"Cereal matinal, milho",100g,TACO,365.35,7.16,83.82,0.96,4.12,,,,,,,654.54,142.92,3.05,10.93,100.8,83.09,7.63,15.46,17.29,,,,0.76,1.02,11.04,2.25,,,,5.53,,,false,,taco_025,,
"Cereal matinal, milho, açúcar",100g,TACO,376.56,4.74,88.84,0.67,2.11,,,,,,,405.31,56.42,3.9,7.94,43.18,51.6,8.48,15.46,14.55,,,,0.73,1.11,10.13,0.79,,,,4.27,,,false,,taco_026,,
"Creme de arroz, pó",100g,TACO,386.0,7.03,83.87,1.23,1.07,,,,,,,1.03,7.09,0.63,50.5,153.02,114.68,1.86,,,,,,0.22,,,0.05,,,,7.33,,,false,,taco_027,,
"Creme de milho, pó",100g,TACO,333.03,4.82,86.15,1.64,3.72,,,,,,,593.79,323.16,4.26,30.06,303.27,165.72,0.78,,96.34,,,,0.74,,,2.05,,,,5.65,,,false,,taco_028,,
"Curau, milho verde",100g,TACO,78.43,2.36,13.94,1.64,0.46,,,,,,,20.51,52.6,0.45,15.96,74.66,161.84,0.4,16.07,,,,,0.04,0.07,,,,,4.74,81.56,,,false,,taco_029,,
"Curau, milho verde, mistura para",100g,TACO,402.29,2.22,79.82,13.37,2.52,,,,,,,222.93,30.88,0.86,8.5,44.62,55.34,0.24,,,,,,0.13,,,,,,,3.92,,,false,,taco_030,,
"Farinha, de arroz, enriquecida",100g,TACO,363.06,1.27,85.5,0.3,0.58,,,,,,,17.1,1.12,31.38,4.3,35.96,12.54,8.48,,173.59,,,,3.23,,24.42,3.47,,,,12.69,,,false,,taco_031,,
"Farinha, de centeio, integral",100g,TACO,335.78,12.52,73.3,1.75,15.48,,,,,,,41.38,33.92,4.73,120.23,339.99,333.62,2.66,,,,,,0.29,0.03,,0.08,,,,10.78,,,false,,taco_032,,
"Farinha, de milho, amarela",100g,TACO,350.59,7.19,79.08,1.47,5.49,,,,,,,44.93,1.28,2.25,30.95,84.22,57.85,0.6,9.0,,,,,0.25,,,0.25,,,,11.77,,,false,,taco_033,,
"Farinha, de rosca",100g,TACO,370.58,11.38,75.79,1.46,4.82,,,,,,,332.5,35.3,6.73,56.88,194.96,212.14,1.67,,,,,,0.25,,,0.09,,,,9.81,,,false,,taco_034,,
"Farinha, de trigo",100g,TACO,360.47,9.79,75.09,1.37,2.35,,,,,,,0.74,17.86,0.95,31.0,114.74,151.37,0.83,,,,,,0.31,,0.89,,,,,12.98,,,false,,taco_035,,
"Farinha, láctea, de cereais",100g,TACO,414.85,11.88,77.77,5.79,1.94,,,,,,,125.07,196.06,8.72,57.69,296.44,365.6,1.73,,24.31,,,,1.43,1.13,9.5,1.14,,,11.27,2.7,,,false,,taco_036,,
"Lasanha, massa fresca, cozida",100g,TACO,163.76,5.81,32.52,1.16,1.64,,,,,,,206.77,9.97,1.19,3.54,42.38,53.91,0.41,,,,,,0.04,,3.96,,,,,59.65,,,false,,taco_037,,
"Lasanha, massa fresca, crua",100g,TACO,220.31,7.01,45.06,1.34,1.61,,,,,,,666.71,16.55,1.87,12.59,81.96,136.61,0.76,,,,,,0.08,,,,,,,44.99,,,false,,taco_038,,
"Macarrão, instantâneo",100g,TACO,435.86,8.79,62.43,17.24,5.61,,,,,,,1515.53,17.63,0.8,19.37,112.15,147.92,0.5,,,,,,1.18,0.04,9.37,0.53,,,,5.97,,,false,,taco_039,,
"Macarrão, trigo, cru",100g,TACO,371.12,10.0,77.94,1.3,2.93,,,,,,,7.17,17.3,0.88,27.69,99.81,147.06,0.78,,,,,,0.18,0.02,3.57,,,,,10.24,,,false,,taco_040,,
"Macarrão, trigo, cru, com ovos",100g,TACO,370.57,10.32,76.62,1.97,2.3,,,,,,,14.74,19.45,0.92,,118.48,134.1,0.81,,,,,,0.11,0.05,4.37,0.03,,,17.57,10.56,,,false,,taco_041,,
"Milho, amido, cru",100g,TACO,361.37,0.6,87.15,,0.74,,,,,,,8.08,1.06,0.13,3.03,12.6,8.54,0.08,,,,,,,,,,,,,12.18,,,false,,taco_042,,
"Milho, fubá, cru",100g,TACO,353.48,7.21,78.87,1.9,4.71,,,,,,,,2.67,0.85,41.23,107.84,168.33,1.09,13.0,,,,,0.25,,0.75,,,,,11.45,,,false,,taco_043,,
"Milho, verde, cru",100g,TACO,138.17,6.59,28.56,0.61,3.92,,,,,,,1.12,1.61,0.41,32.58,112.7,184.82,0.52,16.0,,,,,0.3,,,0.04,,,,63.54,,,false,,taco_044,,
"Milho, verde, enlatado, drenado",100g,TACO,97.56,3.23,17.14,2.35,4.64,,,,,,,260.35,2.17,0.59,20.38,61.31,162.02,0.5,24.0,1.74,,,,,0.05,3.74,,,,,76.22,,,false,,taco_045,,
"Mingau tradicional, pó",100g,TACO,373.42,0.58,89.34,0.37,0.88,,,,,,,14.86,522.05,41.99,4.28,273.32,,15.21,,,,,,3.41,,19.39,3.11,,,,8.14,,,false,,taco_046,,
"Pamonha, barra para cozimento, pré-cozida",100g,TACO,171.22,2.55,30.68,4.85,2.37,,,,,,,131.99,4.16,0.36,15.35,54.59,125.35,0.42,,,,,,,,,,,,,61.31,,,false,,taco_047,,
"Pão, aveia, forma",100g,TACO,343.09,12.35,59.57,5.69,5.98,,,,,,,605.76,108.69,4.73,56.68,182.2,210.08,1.73,,,,,,0.09,0.03,,0.08,,,,19.92,,,false,,taco_048,,
"Pão, de soja",100g,TACO,308.73,11.34,56.51,3.58,5.71,,,,,,,662.54,90.24,3.33,48.32,153.18,296.35,1.46,,,,,,0.07,0.04,,0.79,,,,26.03,,,false,,taco_049,,
"Pão, glúten, forma",100g,TACO,252.99,11.95,44.12,2.73,2.48,,,,,,,22.05,155.72,5.71,24.24,105.26,64.73,1.28,,,,,,0.04,0.03,,,,,,40.67,,,false,,taco_050,,
"Pão, milho, forma",100g,TACO,292.01,8.3,56.4,3.11,4.3,,,,,,,506.64,77.85,3.04,29.42,110.1,89.02,0.82,,,,,,0.08,,,0.08,,,5.68,30.42,,,false,,taco_051,,
"Pão, trigo, forma, integral",100g,TACO,253.19,9.43,49.94,3.65,6.88,,,,,,,506.1,131.76,2.99,60.43,193.44,162.87,1.59,,,,,,0.08,0.04,,0.15,,,,34.72,,,false,,taco_052,,
"Pão, trigo, francês",100g,TACO,299.81,7.95,58.65,3.1,2.31,,,,,,,647.67,15.75,1.0,25.46,94.74,142.2,0.76,,,,,,0.39,0.67,2.34,0.6,,,,28.48,,,false,,taco_053,,
"Pão, trigo, sovado",100g,TACO,310.96,8.4,61.45,2.84,2.43,,,,,,,430.79,51.62,2.27,22.22,100.66,91.17,2.66,,,,,,0.08,0.04,,0.15,,,16.56,25.76,,,false,,taco_054,,
"Pastel, de carne, cru",100g,TACO,288.7,10.74,42.02,8.79,1.04,,,,,,,1309.27,16.69,1.99,17.7,117.38,165.61,1.66,,,,,,0.06,0.03,1.58,,,,18.2,34.4,,,false,,taco_055,,
"Pastel, de carne, frito",100g,TACO,388.37,10.1,43.77,20.14,0.99,,,,,,,1039.89,12.55,2.51,14.44,90.03,155.64,1.15,,,,,,0.06,0.05,1.83,,,,25.34,22.92,,,false,,taco_056,,
"Pastel, de queijo, cru",100g,TACO,308.47,9.85,45.95,9.63,1.11,,,,,,,984.57,154.7,0.99,15.81,168.12,102.58,0.97,,,,,,0.07,0.03,,,,,14.35,31.28,,,false,,taco_057,,
"Pastel, de queijo, frito",100g,TACO,422.11,8.71,48.13,22.67,0.94,,,,,,,821.38,126.13,1.34,14.74,123.81,123.75,0.76,,,,,,0.09,0.04,,,,,15.38,17.54,,,false,,taco_058,,
"Pastel, massa, crua",100g,TACO,310.2,6.9,57.38,5.48,1.41,,,,,,,1344.2,12.61,1.06,14.43,72.55,166.68,0.61,,,,,,0.15,,,,,,,27.07,,,false,,taco_059,,
"Pastel, massa, frita",100g,TACO,569.67,6.02,49.34,40.86,1.31,,,,,,,1174.67,11.27,1.45,12.74,62.36,142.55,0.52,,,,,,0.16,,,,,,,0.97,,,false,,taco_060,,
"Pipoca, com óleo de soja, sem sal",100g,TACO,448.33,9.93,70.31,15.94,14.34,,,,,,,4.32,2.83,1.16,90.76,225.13,255.96,2.05,,,,,,0.03,0.03,,,,,,2.82,,,false,,taco_061,,
"Polenta, pré-cozida",100g,TACO,102.74,2.29,23.31,0.3,2.4,,,,,,,441.89,1.09,,4.43,16.79,99.64,0.05,,,,,,0.04,,,,,,,72.74,,,false,,taco_062,,
"Torrada, pão francês",100g,TACO,377.42,10.52,74.56,3.3,3.4,,,,,,,829.49,18.74,1.24,31.6,113.92,189.49,0.91,,,,,,0.38,,,,,,,9.05,,,false,,taco_063,,
"Abóbora, cabotian, cozida",100g,TACO,48.04,1.44,10.76,0.73,2.46,,,,,,,1.45,7.63,0.35,9.11,32.59,199.1,0.29,,7.46,,,,0.08,,,0.07,,,,86.35,,,false,,taco_064,,
"Abóbora, cabotian, crua",100g,TACO,38.6,1.75,8.36,0.54,2.17,,,,,,,,17.96,0.37,8.82,25.77,350.56,0.32,223.0,5.09,,,,,,,0.1,,,,88.52,,,false,,taco_065,,
"Abóbora, menina brasileira, crua",100g,TACO,13.61,0.61,3.3,,1.17,,,,,,,,8.74,0.15,4.09,11.62,164.6,,554.0,1.5,,,,0.07,,,0.04,,,,95.69,,,false,,taco_066,,
"Abóbora, moranga, crua",100g,TACO,12.36,0.96,2.67,0.06,1.7,,,,,,,,3.05,,1.85,7.91,124.87,0.07,139.0,9.65,,,,,,,0.06,,,,95.87,,,false,,taco_067,,
"Abóbora, moranga, refogada",100g,TACO,29.0,0.39,5.98,0.8,1.55,,,,,,,3.03,19.08,0.11,7.49,11.65,183.19,0.08,47.67,6.73,,,,0.05,,,0.05,,,,92.46,,,false,,taco_068,,
"Abóbora, pescoço, crua",100g,TACO,24.47,0.67,6.12,0.12,2.3,,,,,,,0.74,8.81,0.28,7.42,31.62,263.88,0.18,,2.09,,,,,,,0.06,,,,92.49,,,false,,taco_069,,
"Abobrinha, italiana, cozida",100g,TACO,15.04,1.12,2.98,0.2,1.59,,,,,,,0.83,16.73,0.16,16.86,22.49,125.88,0.26,,2.13,,,,0.05,,,0.06,,,,95.28,,,false,,taco_070,,
"Abobrinha, italiana, crua",100g,TACO,19.28,1.14,4.29,0.14,1.35,,,,,,,,15.13,0.24,19.95,32.02,253.38,0.17,20.25,6.87,,,,,0.06,,0.03,,,,93.86,,,false,,taco_071,,
"Abobrinha, italiana, refogada",100g,TACO,24.43,1.07,4.19,0.82,1.38,,,,,,,2.21,20.67,0.36,12.67,31.83,193.63,0.27,20.79,7.53,,,,0.04,,,,,,,93.49,,,false,,taco_072,,
"Abobrinha, paulista, crua",100g,TACO,30.81,0.64,7.87,0.14,2.6,,,,,,,0.5,18.67,0.17,9.39,32.75,212.87,0.18,,17.55,,,,,,,0.03,,,,90.85,,,false,,taco_073,,
"Acelga, crua",100g,TACO,20.94,1.44,4.63,0.11,1.12,,,,,,,1.18,42.98,0.27,10.4,40.03,239.82,0.31,,22.55,,,,0.04,,,0.16,,,,93.19,,,false,,taco_074,,
"Agrião, cru",100g,TACO,16.58,2.69,2.25,0.24,2.14,,,,,,,7.46,132.53,3.11,18.16,50.59,217.66,0.72,229.0,60.1,,,,0.11,0.23,1.19,0.09,,,,93.94,,,false,,taco_075,,
"Aipo, cru",100g,TACO,19.09,0.76,4.27,0.07,0.96,,,,,,,9.52,65.22,0.72,8.86,28.05,273.6,0.14,458.0,5.88,,,,,,,0.18,,,,93.83,,,false,,taco_076,,
"Alface, americana, crua",100g,TACO,8.79,0.61,1.75,0.13,1.02,,,,,,,7.31,14.44,0.27,5.74,19.38,136.0,0.23,,10.96,,,,0.03,,,0.04,,,,97.17,,,false,,taco_077,,
"Alface, crespa, crua",100g,TACO,10.68,1.35,1.7,0.16,1.83,,,,,,,3.38,37.98,0.4,10.97,25.81,267.13,0.25,117.0,15.58,,,,0.11,0.12,1.09,,,,,96.09,,,false,,taco_078,,
"Alface, lisa, crua",100g,TACO,13.82,1.69,2.43,0.12,2.33,,,,,,,4.23,27.51,0.61,9.11,26.13,348.71,0.35,184.0,21.39,,,,0.09,0.08,0.75,0.07,,,,95.0,,,false,,taco_079,,
"Alface, roxa, crua",100g,TACO,12.72,0.91,2.49,0.19,2.01,,,,,,,7.12,33.83,2.48,9.31,51.13,308.44,0.23,156.21,13.47,,,,,,,,,,,95.73,,,false,,taco_080,,
"Alfavaca, crua",100g,TACO,29.18,2.66,5.24,0.48,4.14,,,,,,,4.55,258.5,1.26,84.24,49.74,260.72,0.71,,,,,,,0.12,,0.56,,,,90.21,,,false,,taco_081,,
"Alho, cru",100g,TACO,113.13,7.01,23.91,0.22,4.32,,,,,,,5.36,13.56,0.8,21.29,149.09,534.89,0.82,,,,,,0.18,,,0.44,,,,67.55,,,false,,taco_082,,
"Alho-poró, cru",100g,TACO,31.51,1.41,6.88,0.14,2.51,,,,,,,1.76,33.62,0.64,10.69,36.49,224.47,0.24,8.08,14.15,,,,0.06,,0.34,0.08,,,,90.95,,,false,,taco_083,,
"Almeirão, cru",100g,TACO,18.03,1.77,3.34,0.22,2.59,,,,,,,2.35,19.5,0.74,21.11,39.66,369.12,0.29,283.0,1.69,,,,0.1,0.18,0.63,,,,,93.67,,,false,,taco_084,,
"Almeirão, refogado",100g,TACO,65.08,1.7,5.7,4.85,3.43,,,,,,,14.52,63.4,1.55,17.28,30.87,315.36,0.19,,1.47,,,,0.03,0.06,4.03,0.05,,,,86.54,,,false,,taco_085,,
"Batata, baroa, cozida",100g,TACO,80.12,0.85,18.95,0.17,1.76,,,,,,,2.1,11.85,0.42,7.58,29.48,258.33,0.38,,17.1,,,,0.06,,1.98,,,,,79.26,,,false,,taco_086,,
"Batata, baroa, crua",100g,TACO,100.98,1.05,23.98,0.17,2.06,,,,,,,,17.13,0.3,11.99,45.2,505.18,0.2,12.25,7.55,,,,0.05,,,0.12,,,,73.69,,,false,,taco_087,,
"Batata, doce, cozida",100g,TACO,76.76,0.64,18.42,0.09,2.21,,,,,,,2.7,17.15,0.19,11.16,15.39,148.44,0.12,,23.79,,,,0.08,,2.57,0.05,,,,80.42,,,false,,taco_088,,
"Batata, doce, crua",100g,TACO,118.24,1.26,28.2,0.13,2.57,,,,,,,8.77,21.11,0.39,16.89,36.46,340.2,0.2,,16.48,,,,0.06,,,0.1,,,,69.51,,,false,,taco_089,,
"Batata, frita, tipo chips, industrializada",100g,TACO,542.73,5.58,51.22,36.62,2.46,,,,,,,607.4,11.6,0.7,24.24,96.5,1014.33,0.59,,,,,,0.2,,2.61,0.13,,,,2.7,,,false,,taco_090,,
"Batata, inglesa, cozida",100g,TACO,51.59,1.16,11.94,,1.34,,,,,,,2.29,3.52,0.19,5.42,24.34,161.33,0.19,,3.76,,,,0.05,,,0.08,,,,86.36,,,false,,taco_091,,
"Batata, inglesa, crua",100g,TACO,64.37,1.77,14.69,,1.16,,,,,,,,3.55,0.36,14.58,38.54,302.05,0.24,,31.08,,,,0.1,,,0.15,,,,82.87,,,false,,taco_092,,
"Batata, inglesa, frita",100g,TACO,267.16,4.97,35.64,13.11,8.06,,,,,,,1.91,6.28,0.44,14.11,69.67,488.94,0.38,,16.34,,,,0.17,,2.51,0.1,,,,44.12,,,false,,taco_093,,
"Batata, inglesa, sauté",100g,TACO,67.89,1.29,14.09,0.9,1.38,,,,,,,8.18,4.18,0.25,6.46,31.97,199.48,0.21,,,,,,0.07,,1.38,0.09,,,,83.09,,,false,,taco_094,,
"Berinjela, cozida",100g,TACO,18.85,0.68,4.47,0.15,2.52,,,,,,,1.32,10.77,0.22,8.82,15.03,105.48,0.13,,,,,,0.04,,,,,,,94.43,,,false,,taco_095,,
"Berinjela, crua",100g,TACO,19.63,1.22,4.43,0.1,2.87,,,,,,,,9.22,0.25,12.91,20.46,204.55,0.12,12.0,3.01,,,,0.04,0.05,,,,,,93.8,,,false,,taco_096,,
"Beterraba, cozida",100g,TACO,32.15,1.29,7.23,0.09,1.88,,,,,,,22.76,15.26,0.24,16.54,30.13,245.48,0.35,,1.24,,,,0.09,,,,,,,90.57,,,false,,taco_097,,
"Beterraba, crua",100g,TACO,48.83,1.95,11.11,0.09,3.37,,,,,,,9.72,18.11,0.32,24.43,19.39,375.07,0.52,,3.12,,,,0.04,,,0.04,,,,85.98,,,false,,taco_098,,
"Biscoito, polvilho doce",100g,TACO,437.55,1.29,80.54,12.25,1.16,,,,,,,97.8,30.45,1.77,5.84,23.32,53.58,0.14,,,,,,,0.03,,0.07,,,9.38,5.44,,,false,,taco_099,,
"Brócolis, cozido",100g,TACO,24.64,2.13,4.37,0.46,3.42,,,,,,,2.12,50.75,0.54,14.55,33.16,118.54,0.24,,42.0,,,,0.04,0.03,,,,,,92.62,,,false,,taco_100,,
"Brócolis, cru",100g,TACO,25.5,3.64,4.03,0.27,2.88,,,,,,,3.33,85.87,0.61,29.57,78.46,322.11,0.48,139.67,34.28,,,,0.12,0.18,1.39,0.08,,,,91.22,,,false,,taco_101,,
"Cará, cozido",100g,TACO,77.58,1.53,18.85,0.11,2.63,,,,,,,1.01,5.17,0.31,14.84,27.8,203.25,0.24,,,,,,0.12,,,0.12,,,,78.88,,,false,,taco_102,,
"Cará, cru",100g,TACO,95.63,2.28,22.95,0.14,7.27,,,,,,,,3.91,0.21,11.47,34.72,211.67,0.18,,8.79,,,,0.11,,,0.02,,,,73.69,,,false,,taco_103,,
"Caruru, cru",100g,TACO,34.03,3.2,5.97,0.58,4.47,,,,,,,13.66,455.3,4.46,197.44,77.26,278.98,6.03,953.0,5.36,,,,,0.1,,0.11,,,,87.62,,,false,,taco_104,,
"Catalonha, crua",100g,TACO,23.89,1.87,4.75,0.28,2.05,,,,,,,9.39,56.8,3.08,17.3,32.0,411.79,0.48,,7.33,,,,,0.03,1.54,0.36,,,,91.76,,,false,,taco_105,,
"Catalonha, refogada",100g,TACO,63.45,1.95,4.81,4.81,3.65,,,,,,,24.72,63.22,1.18,16.35,35.36,452.28,0.44,425.0,,,,,0.04,,0.6,0.03,,,,87.43,,,false,,taco_106,,
"Cebola, crua",100g,TACO,39.42,1.71,8.85,0.08,2.19,,,,,,,0.6,14.0,0.2,11.92,37.87,176.12,0.17,,4.67,,,,0.04,,,0.14,,,,88.92,,,false,,taco_107,,
"Cebolinha, crua",100g,TACO,19.52,1.87,3.37,0.35,3.55,,,,,,,1.6,79.85,0.65,24.59,26.89,206.44,0.3,67.21,31.78,,,,0.03,0.04,,0.08,,,,93.88,,,false,,taco_108,,
"Cenoura, cozida",100g,TACO,29.86,0.85,6.69,0.22,2.63,,,,,,,7.88,25.62,0.09,14.48,26.74,175.51,0.23,306.0,,,,,0.07,,2.68,0.06,,,,91.66,,,false,,taco_109,,
"Cenoura, crua",100g,TACO,34.14,1.32,7.66,0.17,3.18,,,,,,,3.33,22.54,0.18,11.23,27.85,314.81,0.22,663.0,5.12,,,,,,,0.05,,,,90.08,,,false,,taco_110,,
"Chicória, crua",100g,TACO,13.84,1.14,2.85,0.14,2.2,,,,,,,13.52,44.83,0.45,14.14,13.38,424.9,0.09,,6.54,,,,0.03,0.1,0.68,,,,,95.14,,,false,,taco_111,,
"Chuchu, cozido",100g,TACO,18.54,0.41,4.79,,1.04,,,,,,,1.81,7.83,0.06,6.93,12.8,54.35,0.09,,5.57,,,,0.03,,,,,,,94.56,,,false,,taco_112,,
"Chuchu, cru",100g,TACO,16.98,0.7,4.14,0.06,1.28,,,,,,,,11.51,0.17,7.23,17.74,125.99,0.1,,10.61,,,,,,,,,,,94.84,,,false,,taco_113,,
"Coentro, folhas desidratadas",100g,TACO,309.07,20.88,47.95,10.39,37.29,,,,,,,18.26,783.81,81.43,392.79,388.06,3222.77,4.7,,40.77,,,,0.1,0.11,,0.09,,,,10.63,,,false,,taco_114,,
"Couve, manteiga, crua",100g,TACO,27.06,2.87,4.33,0.55,3.12,,,,,,,6.17,130.87,0.45,34.66,48.67,403.45,0.4,248.0,96.68,,,,0.2,0.31,2.29,0.06,,,,90.9,,,false,,taco_115,,
"Couve, manteiga, refogada",100g,TACO,90.34,1.67,8.71,6.59,5.74,,,,,,,11.45,177.33,0.5,26.2,33.41,314.89,0.19,192.0,76.94,,,,,0.05,,0.07,,,,81.53,,,false,,taco_116,,
"Couve-flor, crua",100g,TACO,22.56,1.91,4.52,0.21,2.35,,,,,,,3.44,17.82,0.53,11.99,57.08,256.01,0.31,1.0,36.05,,,,0.03,0.09,,0.1,,,,92.77,,,false,,taco_117,,
"Couve-flor, cozida",100g,TACO,19.11,1.24,3.88,0.27,2.13,,,,,,,1.79,16.14,0.13,5.44,25.43,80.49,0.26,,23.7,,,,0.04,,,,,,,94.34,,,false,,taco_118,,
"Espinafre, Nova Zelândia, cru",100g,TACO,16.1,2.0,2.57,0.24,2.1,,,,,,,17.09,97.51,0.36,81.64,25.43,336.01,0.27,242.0,2.42,,,,0.1,0.21,,0.06,,,,94.03,,,false,,taco_119,,
"Espinafre, Nova Zelândia, refogado",100g,TACO,67.25,2.72,4.24,5.43,2.52,,,,,,,47.02,112.38,0.65,122.71,33.51,149.23,0.59,311.92,5.27,,,,0.08,0.13,,0.13,,,,86.57,,,false,,taco_120,,
"Farinha, de mandioca, crua",100g,TACO,360.87,1.55,87.9,0.28,6.39,,,,,,,1.02,64.87,1.09,37.0,41.61,340.13,0.39,,,,,,0.14,,,0.04,,,,9.39,,,false,,taco_121,,
"Farinha, de mandioca, torrada",100g,TACO,365.27,1.23,89.19,0.29,6.54,,,,,,,10.31,75.53,1.19,40.01,38.63,327.74,0.36,,,,,,,,,0.81,,,,8.34,,,false,,taco_122,,
"Farinha, de puba",100g,TACO,360.18,1.62,87.29,0.47,4.24,,,,,,,3.61,41.4,1.43,27.49,32.64,337.76,0.34,,,,,,0.09,,,,,,,9.8,,,false,,taco_123,,
"Fécula, de mandioca",100g,TACO,330.85,0.52,81.15,0.28,0.65,,,,,,,2.45,11.89,0.11,3.02,60.38,48.13,,,,,,,0.03,,,,,,,17.77,,,false,,taco_124,,
"Feijão, broto, cru",100g,TACO,38.72,4.17,7.76,0.1,1.97,,,,,,,1.79,14.48,0.82,25.13,74.75,189.22,0.57,,12.0,,,,,0.04,,0.15,,,,87.48,,,false,,taco_125,,
"Inhame, cru",100g,TACO,96.7,2.05,23.23,0.21,1.65,,,,,,,,11.8,0.36,28.76,64.72,567.74,0.3,,5.62,,,,0.08,,,0.11,,,,73.31,,,false,,taco_126,,
"Jiló, cru",100g,TACO,27.37,1.4,6.19,0.22,4.83,,,,,,,,19.97,0.34,20.63,29.02,212.95,0.14,6.33,6.79,,,,0.07,0.04,,,,,,91.63,,,false,,taco_127,,
"Jurubeba, crua",100g,TACO,125.81,4.41,23.06,3.91,23.92,,,,,,,0.77,151.02,0.95,65.32,155.12,619.4,0.63,,13.83,,,,0.13,0.02,,0.2,,,,66.64,,,false,,taco_128,,
"Mandioca, cozida",100g,TACO,125.36,0.57,30.09,0.3,1.56,,,,,,,0.91,18.63,0.07,26.82,22.41,100.36,0.17,,11.07,,,,0.06,,,0.03,,,,68.69,,,false,,taco_129,,
"Mandioca, crua",100g,TACO,151.42,1.13,36.17,0.3,1.88,,,,,,,2.15,15.19,0.27,44.5,29.43,208.06,0.2,,16.53,,,,,,,0.04,,,,61.84,,,false,,taco_130,,
"Mandioca, farofa, temperada",100g,TACO,405.69,2.06,80.3,9.12,7.82,,,,,,,574.51,65.69,1.36,34.34,44.52,201.38,0.17,,,,,,0.1,,,0.15,,,,6.42,,,false,,taco_131,,
"Mandioca, frita",100g,TACO,300.06,1.38,50.25,11.2,1.87,,,,,,,8.94,23.05,0.32,94.87,56.54,176.06,0.44,,,,,,0.05,,,0.04,,,,36.57,,,false,,taco_132,,
"Manjericão, cru",100g,TACO,21.15,1.99,3.64,0.39,3.31,,,,,,,3.89,210.92,0.97,57.81,39.92,251.55,0.46,517.42,2.34,,,,0.06,0.21,0.9,0.06,,,,92.96,,,false,,taco_133,,
"Maxixe, cru",100g,TACO,13.75,1.39,2.73,0.07,2.19,,,,,,,10.99,20.87,0.35,9.61,24.98,327.7,0.18,2.75,9.63,,,,0.06,0.02,,0.04,,,,95.06,,,false,,taco_134,,
"Mostarda, folha, crua",100g,TACO,18.11,2.11,3.24,0.17,1.89,,,,,,,2.88,68.18,1.1,15.62,58.4,363.57,0.28,,38.55,,,,0.05,0.04,,0.05,,,,93.43,,,false,,taco_135,,
"Nhoque, batata, cozido",100g,TACO,180.78,5.86,36.78,1.94,1.78,,,,,,,7.07,11.42,1.65,17.9,68.37,163.7,0.48,,,,,,0.08,,,0.04,,,15.08,54.95,,,false,,taco_136,,
"Nabo, cru",100g,TACO,18.19,1.2,4.15,0.05,2.64,,,,,,,2.46,42.39,0.22,14.6,16.57,279.65,0.19,,9.55,,,,0.07,,,0.03,,,,93.84,,,false,,taco_137,,
"Palmito, juçara, em conserva",100g,TACO,23.2,1.79,4.33,0.4,3.15,,,,,,,513.82,58.29,0.3,33.7,40.26,243.97,0.73,,1.98,,,,0.06,0.04,,,,,,91.37,,,false,,taco_138,,
"Palmito, pupunha, em conserva",100g,TACO,29.43,2.46,5.51,0.45,2.55,,,,,,,562.69,32.44,0.18,25.49,54.96,206.42,0.36,,8.66,,,,0.03,,,,,,,89.44,,,false,,taco_139,,
"Pão, de queijo, assado",100g,TACO,363.08,5.12,34.24,24.57,0.56,,,,,,,773.49,102.49,0.28,8.24,93.74,93.09,0.63,,,,,,0.04,0.1,,0.04,,,67.73,33.74,,,false,,taco_140,,
"Pão, de queijo, cru",100g,TACO,294.54,3.65,38.51,13.99,0.98,,,,,,,404.99,87.56,0.29,6.83,78.84,58.08,0.43,,,,,,,0.08,,,,,63.05,41.84,,,false,,taco_141,,
"Pepino, cru",100g,TACO,9.53,0.87,2.04,,1.12,,,,,,,,9.62,0.15,9.34,12.32,153.69,0.13,1.79,4.99,,,,,0.03,,,,,,96.79,,,false,,taco_142,,
"Pimentão, amarelo, cru",100g,TACO,27.93,1.22,5.96,0.44,1.92,,,,,,,,9.61,0.41,10.9,22.38,221.33,0.15,20.0,201.36,,,,0.04,0.03,,0.06,,,,91.88,,,false,,taco_143,,
"Pimentão, verde, cru",100g,TACO,21.29,1.05,4.89,0.15,2.56,,,,,,,,8.76,0.41,7.79,16.51,174.33,0.14,23.0,100.21,,,,,,,,,,,93.52,,,false,,taco_144,,
"Pimentão, vermelho, cru",100g,TACO,23.28,1.04,5.47,0.15,1.59,,,,,,,,6.37,0.33,11.13,19.96,210.92,0.15,43.0,158.21,,,,0.05,0.06,,0.02,,,,92.9,,,false,,taco_145,,
"Polvilho, doce",100g,TACO,351.23,0.43,86.77,,0.24,,,,,,,1.58,27.41,0.51,4.1,8.38,37.63,,,,,,,,,,,,,,12.58,,,false,,taco_146,,
"Quiabo, cru",100g,TACO,29.94,1.92,6.37,0.3,4.55,,,,,,,0.89,112.16,0.37,49.97,55.83,248.8,0.59,24.65,5.6,,,,0.1,,,0.03,,,,90.58,,,false,,taco_147,,
"Rabanete, cru",100g,TACO,13.74,1.39,2.73,0.07,2.19,,,,,,,10.99,20.87,0.35,9.61,24.98,327.7,0.18,,9.63,,,,0.06,0.02,,0.04,,,,95.06,,,false,,taco_148,,
"Repolho, branco, cru",100g,TACO,17.12,0.88,3.86,0.14,1.89,,,,,,,3.64,34.55,0.15,8.51,14.2,150.09,0.15,3.0,18.72,,,,,0.03,,0.06,,,,94.72,,,false,,taco_149,,
"Repolho, roxo, cru",100g,TACO,30.91,1.91,7.2,0.06,1.97,,,,,,,2.34,43.67,0.52,18.02,57.71,328.07,0.25,,43.2,,,,0.07,,,0.09,,,,90.08,,,false,,taco_150,,
"Repolho, roxo, refogado",100g,TACO,41.77,1.8,7.56,1.24,1.75,,,,,,,3.42,42.59,0.47,17.25,59.38,321.45,0.26,,40.52,,,,0.07,,0.63,0.07,,,,88.7,,,false,,taco_151,,
"Rúcula, crua",100g,TACO,13.13,1.77,2.22,0.11,1.74,,,,,,,9.42,116.56,0.94,17.79,25.17,233.4,0.23,266.38,46.29,,,,0.04,,0.35,,,,,94.82,,,false,,taco_152,,
"Salsa, crua",100g,TACO,33.42,3.26,5.71,0.61,1.85,,,,,,,2.3,179.41,3.18,20.9,49.35,711.3,1.32,871.62,51.69,,,,0.12,0.15,0.72,0.47,,,,88.65,,,false,,taco_153,,
"Seleta de legumes, enlatada",100g,TACO,56.53,3.42,12.67,0.35,3.09,,,,,,,398.14,16.16,1.06,15.61,49.03,122.21,0.53,122.08,,,,,0.03,,3.72,,,,,82.15,,,false,,taco_154,,
"Serralha, crua",100g,TACO,30.4,2.67,4.95,0.74,3.52,,,,,,,19.35,126.02,1.27,29.55,48.26,265.27,1.33,567.0,1.51,,,,,0.11,,0.08,,,,90.25,,,false,,taco_155,,
"Taioba, crua",100g,TACO,34.21,2.9,5.43,0.93,4.45,,,,,,,1.16,141.09,1.91,37.92,52.76,290.32,0.61,580.0,17.94,,,,,0.1,,0.1,,,,89.24,,,false,,taco_156,,
"Tomate, com semente, cru",100g,TACO,15.34,1.1,3.14,0.17,1.17,,,,,,,1.02,6.94,0.24,10.54,20.19,222.39,0.14,27.0,21.21,,,,0.12,,,0.02,,,,95.13,,,false,,taco_157,,
"Tomate, extrato",100g,TACO,60.93,2.43,14.96,0.19,2.8,,,,,,,497.93,29.08,2.09,29.33,47.16,679.91,0.37,83.0,18.01,,,,,,2.42,0.11,,,,79.66,,,false,,taco_158,,
"Tomate, molho industrializado",100g,TACO,38.45,1.38,7.71,0.9,3.12,,,,,,,418.28,11.73,1.58,16.79,27.21,388.19,0.13,38.0,2.71,,,,,,,0.06,,,,88.14,,,false,,taco_159,,
"Tomate, purê",100g,TACO,27.94,1.36,6.89,,1.03,,,,,,,103.93,13.24,1.25,15.44,30.01,308.24,0.33,45.0,5.38,,,,,,1.18,0.07,,,,90.79,,,false,,taco_160,,
"Tomate, salada",100g,TACO,20.55,0.81,5.12,,2.27,,,,,,,5.24,6.95,0.29,9.5,23.38,161.16,0.17,,12.8,,,,0.06,0.04,,0.05,,,,93.63,,,false,,taco_161,,
"Vagem, crua",100g,TACO,24.9,1.79,5.35,0.17,2.38,,,,,,,,41.1,0.43,17.83,27.99,208.2,0.33,16.04,1.15,,,,,0.08,,,,,,92.17,,,false,,taco_162,,
"Abacate, cru",100g,TACO,96.15,1.24,6.03,8.4,6.31,,,,,,,,7.92,0.21,14.68,21.95,206.26,0.22,,8.66,,,,,0.04,,,,,,83.79,,,false,,taco_163,,
"Abacaxi, cru",100g,TACO,48.32,0.86,12.33,0.12,0.99,,,,,,,,22.43,0.26,18.44,12.78,131.34,0.14,,34.62,,,,0.17,0.02,,,,,,86.32,,,false,,taco_164,,
"Abacaxi, polpa, congelada",100g,TACO,30.59,0.47,7.8,0.11,0.33,,,,,,,1.24,13.54,0.36,10.07,7.63,106.68,0.06,1.13,1.25,,,,0.05,,,,,,,91.29,,,false,,taco_165,,
"Abiu, cru",100g,TACO,62.42,0.83,14.93,0.7,1.7,,,,,,,,5.78,0.16,9.3,20.29,128.34,0.1,,10.28,,,,,0.04,,0.05,,,,83.14,,,false,,taco_166,,
"Açaí, polpa, com xarope de guaraná e glucose",100g,TACO,110.3,0.72,21.46,3.66,1.72,,,,,,,15.1,22.16,0.27,12.73,10.79,75.49,0.19,,10.27,,,,,,,0.07,,,,73.88,,,false,,taco_167,,
"Açaí, polpa, congelada",100g,TACO,58.05,0.8,6.21,3.94,2.55,,,,,,,5.18,35.18,0.43,17.04,16.43,123.62,0.27,,,,,,,0.04,,0.07,,,,88.7,,,false,,taco_168,,
"Acerola, crua",100g,TACO,33.46,0.91,7.97,0.21,1.51,,,,,,,,12.55,0.22,13.13,9.24,164.99,0.15,123.5,941.37,,,,,0.04,1.38,,,,,90.53,,,false,,taco_169,,
"Acerola, polpa, congelada",100g,TACO,21.94,0.59,5.54,,0.7,,,,,,,1.28,7.59,0.17,8.66,12.86,111.99,0.07,96.0,623.24,,,,,0.1,,,,,,93.61,,,false,,taco_170,,
"Ameixa, calda, enlatada",100g,TACO,182.85,0.41,46.89,,0.52,,,,,,,2.7,13.15,2.15,9.96,20.94,221.19,0.14,,4.27,,,,,0.23,,0.37,,,,52.17,,,false,,taco_171,,
"Ameixa, crua",100g,TACO,52.54,0.77,13.85,,2.43,,,,,,,,5.72,0.1,5.48,13.92,134.05,0.05,13.6,7.63,,,,0.07,,,0.03,,,,84.77,,,false,,taco_172,,
"Ameixa, em calda, enlatada, drenada",100g,TACO,177.36,1.02,47.66,0.28,4.55,,,,,,,2.79,39.24,2.7,14.49,26.07,263.26,0.2,,5.15,,,,,0.22,,0.08,,,,50.34,,,false,,taco_173,,
"Atemóia, crua",100g,TACO,96.97,0.97,25.33,0.3,2.14,,,,,,,0.79,22.77,0.16,24.84,23.36,300.01,0.19,,10.15,,,,0.09,0.07,1.58,0.07,,,,72.74,,,false,,taco_174,,
"Banana, da terra, crua",100g,TACO,128.02,1.43,33.67,0.24,1.53,,,,,,,,4.15,0.29,23.79,25.52,328.03,0.16,119.42,15.75,,,,0.03,0.02,,0.14,,,,63.88,,,false,,taco_175,,
"Banana, doce em barra",100g,TACO,280.11,2.17,75.67,0.05,3.83,,,,,,,9.88,11.95,0.61,49.19,36.88,518.25,0.3,13.68,,,,,0.03,,1.41,0.06,,,,21.13,,,false,,taco_176,,
"Banana, figo, crua",100g,TACO,105.08,1.13,27.8,0.14,2.8,,,,,,,,6.36,0.2,30.16,15.82,386.59,0.12,,17.5,,,,0.09,,,0.03,,,,70.07,,,false,,taco_177,,
"Banana, maçã, crua",100g,TACO,86.81,1.75,22.34,0.06,2.59,,,,,,,,3.22,0.2,23.69,28.68,264.39,0.12,3.21,10.47,,,,,,,0.14,,,,75.23,,,false,,taco_178,,
"Banana, nanica, crua",100g,TACO,91.53,1.4,23.85,0.12,1.95,,,,,,,,3.42,0.35,27.8,26.72,376.47,0.18,6.81,5.86,,,,,0.02,,0.14,,,,73.8,,,false,,taco_179,,
"Banana, ouro, crua",100g,TACO,112.37,1.48,29.34,0.21,1.95,,,,,,,,3.19,0.34,28.38,22.27,354.81,0.26,24.85,7.56,,,,,,,0.14,,,,68.18,,,false,,taco_180,,
"Banana, pacova, crua",100g,TACO,77.91,1.23,20.31,0.08,2.03,,,,,,,0.94,5.49,0.37,30.41,19.75,267.35,0.14,,,,,,0.05,0.03,,0.17,,,,77.71,,,false,,taco_181,,
"Banana, prata, crua",100g,TACO,98.25,1.27,25.96,0.07,2.04,,,,,,,,7.56,0.38,26.29,22.2,357.68,0.15,16.21,21.59,,,,,0.02,,0.1,,,,71.86,,,false,,taco_182,,
"Cacau, cru",100g,TACO,74.29,0.95,19.41,0.14,2.19,,,,,,,0.7,12.1,0.26,24.62,9.34,71.64,0.59,,13.56,,,,0.25,,,0.04,,,,79.21,,,false,,taco_183,,
"Cajá-Manga, cru",100g,TACO,45.58,1.28,11.43,,2.58,,,,,,,1.44,12.74,0.15,11.28,24.47,119.4,0.18,,26.7,,,,0.11,,,0.05,,,,86.89,,,false,,taco_184,,
"Cajá, polpa, congelada",100g,TACO,26.33,0.59,6.37,0.17,1.36,,,,,,,6.95,9.16,0.32,7.17,25.66,148.07,0.05,53.0,,,,,0.04,,,,,,,92.44,,,false,,taco_185,,
"Caju, cru",100g,TACO,43.07,0.97,10.29,0.33,1.68,,,,,,,2.97,1.42,0.15,10.11,15.64,123.86,0.09,7.33,219.33,,,,,,,,,,,88.11,,,false,,taco_186,,
"Caju, polpa, congelada",100g,TACO,36.57,0.48,9.35,0.15,0.81,,,,,,,4.16,0.84,0.15,7.07,9.77,87.66,0.08,11.0,119.72,,,,,0.02,2.25,,,,,89.82,,,false,,taco_187,,
"Caju, suco concentrado, envasado",100g,TACO,45.11,0.4,10.73,0.2,0.63,,,,,,,45.04,0.98,0.15,8.45,11.4,106.99,0.07,5.0,138.7,,,,,0.03,,,,,,88.37,,,false,,taco_188,,
"Caqui, chocolate, cru",100g,TACO,71.35,0.36,19.33,0.07,6.52,,,,,,,2.18,17.85,0.1,8.55,18.43,163.55,0.19,,29.61,,,,,,,0.03,,,,79.72,,,false,,taco_189,,
"Carambola, crua",100g,TACO,45.74,0.87,11.48,0.18,2.03,,,,,,,4.09,4.79,0.2,7.36,10.75,132.58,0.24,,60.87,,,,0.12,,,,,,,87.1,,,false,,taco_190,,
"Ciriguela, crua",100g,TACO,75.59,1.4,18.86,0.36,3.9,,,,,,,1.68,27.41,0.36,17.96,48.6,248.01,0.53,,27.03,,,,0.14,,,,,,,78.69,,,false,,taco_191,,
"Cupuaçu, cru",100g,TACO,49.42,1.16,10.43,0.95,3.12,,,,,,,3.2,13.12,0.49,18.17,21.28,331.03,0.34,,24.51,,,,0.37,0.04,4.34,0.07,,,,86.23,,,false,,taco_192,,
"Cupuaçu, polpa, congelada",100g,TACO,48.8,0.84,11.39,0.59,1.59,,,,,,,0.69,5.49,0.26,13.91,14.2,291.09,0.15,,10.49,,,,0.07,0.07,,0.05,,,,86.55,,,false,,taco_193,,
"Figo, cru",100g,TACO,41.45,0.97,10.25,0.16,1.79,,,,,,,,27.39,0.2,11.31,14.57,174.42,0.09,,0.79,,,,0.05,,,,,,,88.19,,,false,,taco_194,,
"Figo, enlatado, em calda",100g,TACO,184.36,0.56,50.34,0.15,1.98,,,,,,,6.87,32.62,0.5,6.85,6.25,39.35,0.09,,5.24,,,,,,,,,,,48.77,,,false,,taco_195,,
"Fruta-pão, crua",100g,TACO,67.05,1.08,17.17,0.19,5.55,,,,,,,0.8,33.68,0.23,24.03,27.39,188.13,0.13,,9.87,,,,0.03,,,,,,,80.87,,,false,,taco_196,,
"Goiaba, branca, com casca, crua",100g,TACO,51.74,0.9,12.4,0.49,6.33,,,,,,,,5.01,0.17,7.04,16.4,219.77,0.16,,99.19,,,,,,,0.03,,,,85.69,,,false,,taco_197,,
"Goiaba, doce em pasta",100g,TACO,268.96,0.58,74.12,0.0,3.73,,,,,,,3.7,10.06,0.4,6.49,53.57,164.81,0.09,68.21,23.06,,,,0.07,,,,,,,24.78,,,false,,taco_198,,
"Goiaba, doce, cascão",100g,TACO,285.59,0.41,78.7,0.1,4.37,,,,,,,11.03,14.7,0.4,9.67,28.2,250.72,0.14,25.17,34.33,,,,,,1.41,,,,,20.26,,,false,,taco_199,,
"Goiaba, vermelha, com casca, crua",100g,TACO,54.17,1.09,13.01,0.44,6.22,,,,,,,,4.45,0.17,6.89,15.37,197.58,0.13,19.0,80.6,,,,,,,0.03,,,,84.98,,,false,,taco_200,,
"Graviola, crua",100g,TACO,61.62,0.85,15.84,0.21,1.91,,,,,,,4.16,40.12,0.17,23.5,19.17,249.67,0.13,,19.14,,,,0.17,0.12,,0.03,,,,82.15,,,false,,taco_201,,
"Graviola, polpa, congelada",100g,TACO,38.27,0.57,9.78,0.14,1.19,,,,,,,3.05,5.98,0.1,9.76,16.59,169.96,0.05,,10.48,,,,,0.09,,,,,,89.16,,,false,,taco_202,,
"Jabuticaba, crua",100g,TACO,58.05,0.61,15.26,0.13,2.3,,,,,,,,8.35,0.09,17.78,14.55,129.72,0.28,,16.17,,,,0.06,,,,,,,83.65,,,false,,taco_203,,
"Jaca, crua",100g,TACO,87.92,1.4,22.5,0.27,2.39,,,,,,,1.8,11.24,0.38,40.05,13.9,233.75,0.17,,14.82,,,,0.1,0.04,,0.05,,,,75.07,,,false,,taco_204,,
"Jambo, cru",100g,TACO,26.91,0.89,6.49,0.07,5.07,,,,,,,21.66,13.8,0.14,14.18,18.36,134.87,0.11,,3.77,,,,0.08,,1.18,,,,,92.1,,,false,,taco_205,,
"Jamelão, cru",100g,TACO,41.01,0.55,10.63,0.11,1.78,,,,,,,1.37,3.09,0.05,2.16,4.12,394.34,0.05,3.76,27.07,,,,0.17,,,0.12,,,,87.67,,,false,,taco_206,,
"Kiwi, cru",100g,TACO,51.14,1.34,11.5,0.63,2.65,,,,,,,,23.91,0.25,10.58,33.08,268.92,0.07,2.71,70.78,,,,,,,0.06,,,,85.88,,,false,,taco_207,,
"Laranja, baía, crua",100g,TACO,45.44,0.98,11.47,0.1,1.12,,,,,,,,35.41,0.14,9.22,23.8,174.15,0.06,1.94,56.87,,,,0.06,0.02,,,,,,87.08,,,false,,taco_208,,
"Laranja, baía, suco",100g,TACO,36.65,0.65,8.7,,,,,,,,,,5.93,0.06,7.8,21.93,172.56,,2.0,94.48,,,,0.03,,,0.02,,,,90.25,,,false,,taco_209,,
"Laranja, da terra, crua",100g,TACO,51.47,1.08,12.86,0.19,3.98,,,,,,,0.83,51.08,0.15,14.06,20.12,172.52,0.22,,34.68,,,,0.07,0.09,,0.03,,,,85.38,,,false,,taco_210,,
"Laranja, da terra, suco",100g,TACO,40.96,0.67,9.57,0.14,1.03,,,,,,,,13.39,0.09,10.11,14.89,145.24,0.07,2.23,44.32,,,,0.04,,,0.04,,,,89.22,,,false,,taco_211,,
"Laranja, lima, crua",100g,TACO,45.7,1.06,11.53,0.08,1.78,,,,,,,1.11,31.47,0.12,10.16,14.51,129.87,0.12,,43.46,,,,0.09,0.05,,0.04,,,,86.97,,,false,,taco_212,,
"Laranja, lima, suco",100g,TACO,39.34,0.71,9.17,0.12,0.42,,,,,,,,7.74,,10.89,16.24,128.74,0.03,,41.3,,,,0.1,0.03,,0.04,,,,89.68,,,false,,taco_213,,
"Laranja, pêra, crua",100g,TACO,36.77,1.04,8.95,0.13,0.77,,,,,,,,21.89,0.09,8.61,22.68,162.82,0.06,0.46,53.73,,,,0.07,0.02,,0.02,,,,89.55,,,false,,taco_214,,
"Laranja, pêra, suco",100g,TACO,32.71,0.74,7.55,0.07,,,,,,,,,7.37,,7.59,14.01,148.76,,0.6,73.34,,,,,,,,,,,91.29,,,false,,taco_215,,
"Laranja, valência, crua",100g,TACO,46.11,0.77,11.72,0.16,1.73,,,,,,,0.63,33.74,0.09,14.4,19.77,157.9,0.11,,47.85,,,,0.07,0.04,,0.03,,,,86.94,,,false,,taco_216,,
"Laranja, valência, suco",100g,TACO,36.2,0.48,8.55,0.12,0.42,,,,,,,,9.08,,9.59,17.27,143.42,,1.0,,,,,,,,0.03,,,,90.53,,,false,,taco_217,,
"Limão, cravo, suco",100g,TACO,14.1,0.33,5.25,,,,,,,,,,10.18,0.08,8.86,11.13,119.88,,15.71,32.78,,,,,,,,,,,94.19,,,false,,taco_218,,
"Limão, galego, suco",100g,TACO,22.23,0.57,7.32,0.07,,,,,,,,,5.26,0.05,5.92,13.04,112.51,0.05,,34.5,,,,,,,0.03,,,,91.8,,,false,,taco_219,,
"Limão, tahiti, cru",100g,TACO,31.82,0.94,11.08,0.14,1.18,,,,,,,1.25,50.98,0.18,9.7,23.76,128.29,0.21,,38.24,,,,0.3,0.04,,,,,,87.43,,,false,,taco_220,,
"Maçã, Argentina, com casca, crua",100g,TACO,62.53,0.23,16.59,0.25,2.03,,,,,,,1.32,3.39,0.05,4.86,11.4,117.48,,,1.49,,,,0.05,,,,,,,82.65,,,false,,taco_221,,
"Maçã, Fuji, com casca, crua",100g,TACO,55.52,0.29,15.15,,1.35,,,,,,,,1.92,0.09,2.04,9.08,74.71,,1.75,2.41,,,,,,,0.03,,,,84.34,,,false,,taco_222,,
"Macaúba, crua",100g,TACO,404.28,2.08,13.95,40.66,13.44,,,,,,,0.65,66.53,0.81,66.05,43.87,305.81,0.66,510.0,13.44,,,,0.11,0.11,,0.03,,,,41.53,,,false,,taco_223,,
"Mamão, doce em calda, drenado",100g,TACO,195.63,0.19,54.0,0.07,1.31,,,,,,,2.91,20.01,0.11,5.81,4.48,68.24,0.07,,3.9,,,,0.03,,,,,,,45.53,,,false,,taco_224,,
"Mamão, Formosa, cru",100g,TACO,45.34,0.82,11.55,0.12,1.81,,,,,,,3.26,24.87,0.23,17.32,10.86,221.8,0.07,74.0,78.53,,,,0.03,0.03,,,,,,86.93,,,false,,taco_225,,
"Mamão, Papaia, cru",100g,TACO,40.16,0.46,10.44,0.12,1.04,,,,,,,1.63,22.42,0.19,22.18,10.67,126.15,0.07,59.0,82.21,,,,0.03,0.04,1.03,,,,,88.58,,,false,,taco_226,,
"Mamão verde, doce em calda, drenado",100g,TACO,209.38,0.32,57.64,0.1,1.23,,,,,,,4.74,12.44,0.15,4.54,3.23,8.67,0.02,,,,,,,,,,,,,41.88,,,false,,taco_227,,
"Manga, Haden, crua",100g,TACO,63.5,0.41,16.66,0.26,1.58,,,,,,,0.55,11.66,0.1,7.82,9.3,147.88,0.07,81.0,17.41,,,,0.02,0.06,,0.05,,,,82.29,,,false,,taco_228,,
"Manga, Palmer, crua",100g,TACO,72.49,0.41,19.35,0.17,1.63,,,,,,,1.86,11.64,0.09,8.72,14.01,156.53,0.09,393.46,65.52,,,,0.09,0.03,,,,,,79.74,,,false,,taco_229,,
"Manga, polpa, congelada",100g,TACO,48.31,0.38,12.52,0.23,1.07,,,,,,,6.73,7.12,0.09,9.49,9.11,131.37,0.07,,24.9,,,,,0.07,,0.03,,,,86.5,,,false,,taco_230,,
"Manga, Tommy Atkins, crua",100g,TACO,50.69,0.86,12.77,0.22,2.07,,,,,,,,7.64,0.08,7.4,13.78,138.37,0.08,59.0,7.94,,,,,0.04,,0.03,,,,85.81,,,false,,taco_231,,
"Maracujá, cru",100g,TACO,68.44,1.99,12.26,2.1,1.14,,,,,,,1.58,5.39,0.56,27.97,50.69,338.42,0.39,57.0,19.84,,,,,0.05,,0.05,,,,82.85,,,false,,taco_232,,
"Maracujá, polpa, congelada",100g,TACO,38.76,0.81,9.6,0.18,0.51,,,,,,,8.1,4.61,0.29,9.7,15.26,227.91,0.19,,7.26,,,,,0.09,,0.06,,,,88.9,,,false,,taco_233,,
"Maracujá, suco concentrado, envasado",100g,TACO,41.97,0.77,9.64,0.19,0.35,,,,,,,21.69,4.16,0.34,4.16,13.9,200.7,0.14,,13.68,,,,,0.08,1.92,0.05,,,,88.94,,,false,,taco_234,,
"Melancia, crua",100g,TACO,32.61,0.88,8.14,,0.12,,,,,,,,7.72,0.23,9.63,12.18,104.03,0.1,30.5,6.15,,,,,,,,,,,90.67,,,false,,taco_235,,
"Melão, cru",100g,TACO,29.37,0.68,7.53,,0.25,,,,,,,11.17,2.86,0.23,5.95,10.14,216.0,0.09,1.0,8.68,,,,,,,0.02,,,,91.28,,,false,,taco_236,,
"Mexerica, Murcote, crua",100g,TACO,57.59,0.88,14.86,0.13,3.07,,,,,,,1.17,33.07,0.07,12.3,19.5,158.54,0.1,,21.8,,,,0.08,0.07,,0.05,,,,83.65,,,false,,taco_237,,
"Mexerica, Rio, crua",100g,TACO,36.87,0.65,9.34,0.13,2.73,,,,,,,1.82,17.18,0.09,8.21,13.7,124.99,0.15,,111.97,,,,0.03,,,,,,,89.57,,,false,,taco_238,,
"Morango, cru",100g,TACO,30.15,0.89,6.82,0.31,1.72,,,,,,,,10.9,0.32,9.67,22.43,184.4,0.18,,63.6,,,,,0.03,,0.03,,,,91.53,,,false,,taco_239,,
"Nêspera, crua",100g,TACO,42.54,0.31,11.53,,2.96,,,,,,,,19.69,0.15,9.72,10.08,112.85,0.12,85.0,3.16,,,,,,,,,,,87.76,,,false,,taco_240,,
"Pequi, cru",100g,TACO,204.97,2.34,12.97,17.97,19.04,,,,,,,,32.44,0.27,29.77,33.75,297.79,0.96,30.0,8.28,,,,0.17,0.48,2.57,0.06,,,,65.89,,,false,,taco_241,,
"Pêra, Park, crua",100g,TACO,60.59,0.24,16.07,0.23,2.98,,,,,,,0.98,8.71,0.32,6.12,11.71,102.22,0.07,,2.36,,,,0.06,,,,,,,83.19,,,false,,taco_242,,
"Pêra, Williams, crua",100g,TACO,53.31,0.57,14.02,0.11,3.01,,,,,,,,8.28,0.09,5.78,11.77,115.87,0.08,,2.83,,,,,,,,,,,85.03,,,false,,taco_243,,
"Pêssego, Aurora, cru",100g,TACO,36.33,0.82,9.32,,1.42,,,,,,,,3.23,0.22,4.44,15.44,123.79,0.06,,3.25,,,,0.05,,,,,,,89.32,,,false,,taco_244,,
"Pêssego, enlatado, em calda",100g,TACO,63.14,0.71,16.88,,1.02,,,,,,,3.2,4.1,0.6,4.04,8.81,94.72,0.09,23.77,,,,,,,,,,,,82.19,,,false,,taco_245,,
"Pinha, crua",100g,TACO,88.47,1.49,22.45,0.32,3.36,,,,,,,1.34,20.88,0.21,30.54,34.4,283.05,0.24,,35.9,,,,0.12,0.04,,0.09,,,,75.05,,,false,,taco_246,,
"Pitanga, crua",100g,TACO,41.42,0.93,10.24,0.17,3.24,,,,,,,1.7,17.88,0.4,12.23,13.14,113.44,0.35,77.0,24.87,,,,0.03,0.1,,,,,,88.29,,,false,,taco_247,,
"Pitanga, polpa, congelada",100g,TACO,19.11,0.29,4.76,0.12,0.74,,,,,,,5.03,7.79,0.37,6.2,12.22,87.31,0.09,72.77,,,,,,,,,,,,94.57,,,false,,taco_248,,
"Romã, crua",100g,TACO,55.74,0.4,15.11,,0.44,,,,,,,0.59,4.75,0.26,12.7,40.27,484.57,0.67,,8.12,,,,0.12,0.17,,0.05,,,,83.99,,,false,,taco_249,,
"Tamarindo, cru",100g,TACO,275.7,3.21,72.53,0.46,6.45,,,,,,,0.36,37.1,0.55,59.11,54.59,722.99,0.67,,7.25,,,,0.31,,,0.1,,,,21.95,,,false,,taco_250,,
"Tangerina, Poncã, crua",100g,TACO,37.83,0.85,9.61,0.07,0.94,,,,,,,,12.89,0.11,7.73,12.45,131.44,,23.69,48.82,,,,0.06,0.02,,0.02,,,,89.22,,,false,,taco_251,,
"Tangerina, Poncã, suco",100g,TACO,36.11,0.52,8.8,,,,,,,,,,4.28,,6.46,9.02,119.0,,25.58,41.75,,,,0.06,,,0.03,,,,90.44,,,false,,taco_252,,
"Tucumã, cru",100g,TACO,262.02,2.09,26.47,19.08,12.65,,,,,,,3.89,46.34,0.57,121.01,52.55,401.17,0.87,1181.32,17.99,,,,0.04,,,0.11,,,,51.26,,,false,,taco_253,,
"Umbu, cru",100g,TACO,37.02,0.84,9.4,,1.98,,,,,,,,11.56,0.09,11.35,13.38,151.83,0.42,,24.06,,,,0.05,0.06,,0.03,,,,89.25,,,false,,taco_254,,
"Umbu, polpa, congelada",100g,TACO,33.94,0.51,8.79,0.07,1.34,,,,,,,5.77,10.71,0.21,8.12,12.68,153.88,0.07,,3.95,,,,,0.06,,,,,,90.19,,,false,,taco_255,,
"Uva, Itália, crua",100g,TACO,52.87,0.75,13.57,0.2,0.92,,,,,,,,6.66,0.14,4.98,12.12,161.94,,2.67,3.29,,,,,,,0.03,,,,84.97,,,false,,taco_256,,
"Uva, Rubi, crua",100g,TACO,49.06,0.61,12.7,0.16,0.93,,,,,,,7.92,7.62,0.17,5.83,22.79,158.89,,,1.86,,,,0.02,0.02,,,,,,86.08,,,false,,taco_257,,
"Uva, suco concentrado, envasado",100g,TACO,57.66,,14.71,,0.23,,,,,,,9.58,9.32,0.12,7.06,10.02,53.73,0.05,,20.97,,,,0.07,0.02,,0.05,,,,85.13,,,false,,taco_258,,
"Azeite, de dendê",100g,TACO,884.0,,,100.0,,,,,,,,,,,,,,,,,,,,,,,,,,,,,,false,,taco_259,,
"Azeite, de oliva, extra virgem",100g,TACO,884.0,,,100.0,,,,,,,,,,,,,,,,,,,,,,,,,,,,,,false,,taco_260,,
"Manteiga, com sal",100g,TACO,725.97,0.41,0.06,82.36,,,,,,,,578.69,9.42,0.15,1.47,27.7,14.78,,,,,,,,,,,,,200.55,15.79,,,false,,taco_261,,
"Manteiga, sem sal",100g,TACO,757.54,0.4,0.0,86.04,,,,,,,,3.85,3.61,,1.43,7.07,5.2,,,,,,,,,,,,,213.95,13.63,,,false,,taco_262,,
"Margarina, com óleo hidrogenado, com sal (65% de lipídeos)",100g,TACO,596.12,,0.0,67.43,,,,,,,,894.04,5.56,0.09,1.13,7.26,21.42,,,,,,,,,,,,,,32.23,,,false,,taco_263,,
"Margarina, com óleo hidrogenado, sem sal (80% de lipídeos)",100g,TACO,722.53,,0.0,81.73,,,,,,,,77.89,2.6,0.05,0.54,3.75,1.77,,,,,,,,,,,,,,19.59,,,false,,taco_264,,
"Margarina, com óleo interesterificado, com sal (65%de lipídeos)",100g,TACO,594.45,,0.0,67.25,,,,,,,,560.8,4.54,,1.23,5.97,14.71,,,,,,,,,,,,,,31.97,,,false,,taco_265,,
"Margarina, com óleo interesterificado, sem sal (65% de lipídeos)",100g,TACO,593.14,,0.0,67.1,,,,,,,,33.19,4.96,0.08,1.15,7.16,4.73,,,,,,,,,,,,,,33.37,,,false,,taco_266,,
"Óleo, de babaçu",100g,TACO,884.0,,,100.0,,,,,,,,,,,,,,,,,,,,,,,,,,,,,,false,,taco_267,,
"Óleo, de canola",100g,TACO,884.0,,,100.0,,,,,,,,,,,,,,,,,,,,,,,,,,,,,,false,,taco_268,,
"Óleo, de girassol",100g,TACO,884.0,,,100.0,,,,,,,,,,,,,,,,,,,,,,,,,,,,,,false,,taco_269,,
"Óleo, de milho",100g,TACO,884.0,,,100.0,,,,,,,,,,,,,,,,,,,,,,,,,,,,,,false,,taco_270,,
"Óleo, de pequi",100g,TACO,884.0,,,100.0,,,,,,,,,,,,,,,,,,,,,,,,,,,,,,false,,taco_271,,
"Óleo, de soja",100g,TACO,884.0,,,100.0,,,,,,,,,,,,,,,,,,,,,,,,,,,,,,false,,taco_272,,
"Abadejo, filé, congelado, assado",100g,TACO,111.62,23.52,0.0,1.24,,,,,,,,334.39,22.61,0.53,20.25,337.86,155.64,0.51,,,,,,,,0.44,,,,102.8,74.32,,,false,,taco_273,,
"Abadejo, filé, congelado,cozido",100g,TACO,91.1,19.35,0.0,0.94,,,,,,,,189.34,16.73,0.33,15.74,350.7,145.67,0.43,,,,,,,,,,,,86.86,79.73,,,false,,taco_274,,
"Abadejo, filé, congelado, cru",100g,TACO,59.11,13.08,0.0,0.36,,,,,,,,78.52,10.17,0.11,14.5,90.54,148.35,0.39,,,,,,0.04,,4.6,,,,31.41,86.42,,,false,,taco_275,,
"Abadejo, filé, congelado, grelhado",100g,TACO,129.64,27.61,0.0,1.3,,,,,,,,305.09,20.17,0.33,22.11,581.13,278.64,0.44,5.69,,,,,0.03,,0.44,,,,135.85,70.96,,,false,,taco_276,,
"Atum, conserva em óleo",100g,TACO,165.91,26.19,0.0,6.0,,,,,,,,362.15,6.52,1.23,29.48,211.01,279.86,0.59,,,,,,0.15,0.03,3.17,,,,52.94,64.5,,,false,,taco_277,,
"Atum, fresco, cru",100g,TACO,117.5,25.68,0.0,0.87,,,,,,,,30.3,6.69,1.27,32.23,253.86,307.76,0.4,20.0,,,,,,0.04,5.94,,,,47.8,73.05,,,false,,taco_278,,
"Bacalhau, salgado, cru",100g,TACO,135.89,29.04,0.0,1.32,,,,,,,,13585.06,156.97,0.85,49.47,186.21,433.9,0.67,,,,,,,0.21,,,,,138.88,47.89,,,false,,taco_279,,
"Bacalhau, salgado, refogado",100g,TACO,139.66,23.98,1.22,3.61,,,,,,,,1256.28,59.12,0.15,15.06,51.34,50.22,0.56,,,,,,0.03,0.05,5.17,,,,111.97,65.91,,,false,,taco_280,,
"Cação, posta, com farinha de trigo, frita",100g,TACO,208.33,24.95,3.1,9.95,0.54,,,,,,,160.03,30.44,1.0,25.51,461.57,419.89,0.55,17.38,,,,,,,0.77,,,,74.91,60.62,,,false,,taco_281,,
"Cação, posta, cozida",100g,TACO,116.01,25.59,0.0,0.75,,,,,,,,114.91,10.32,0.32,21.12,203.71,248.64,0.61,12.0,,,,,,0.04,9.77,,,,83.25,75.93,,,false,,taco_282,,
"Cação, posta, crua",100g,TACO,83.33,17.85,0.0,0.79,,,,,,,,176.02,8.7,0.2,19.3,181.45,299.02,0.32,6.0,,,,,0.04,,1.31,,,,36.13,81.38,,,false,,taco_283,,
"Camarão, Rio Grande, grande, cozido",100g,TACO,90.01,18.97,0.0,1.0,,,,,,,,366.55,89.74,1.28,18.91,265.85,101.73,1.24,,,,,,,,1.07,,,,240.85,78.71,,,false,,taco_284,,
"Camarão, Rio Grande, grande, cru",100g,TACO,47.18,9.99,0.0,0.5,,,,,,,,201.13,51.12,0.67,27.37,233.92,72.01,0.71,20.0,,,,,,,,,,,123.99,89.13,,,false,,taco_285,,
"Camarão, Sete Barbas, sem cabeça, com casca, frito",100g,TACO,231.25,18.39,2.88,15.62,,,,,,,,99.06,959.7,2.44,73.97,336.99,106.77,1.1,,,,,,0.05,,0.35,,,,283.14,61.04,,,false,,taco_286,,
"Caranguejo, cozido",100g,TACO,82.72,18.48,0.0,0.42,,,,,,,,360.11,357.15,2.86,52.23,153.69,185.83,5.65,,,,,,0.04,0.31,4.17,,,,84.61,77.0,,,false,,taco_287,,
"Corimba, cru",100g,TACO,128.16,17.37,-0.03,5.99,,,,,,,,47.01,40.05,0.5,22.77,190.07,316.74,0.4,,,,,,,,1.87,,,,40.23,75.64,,,false,,taco_288,,
"Corimbatá, assado",100g,TACO,261.45,19.9,0.0,19.57,,,,,,,,40.43,22.3,0.97,24.21,220.64,326.5,0.75,,,,,,0.13,0.06,2.7,,,,80.09,59.93,,,false,,taco_289,,
"Corimbatá, cozido",100g,TACO,238.7,20.13,0.0,16.93,,,,,,,,37.17,64.69,0.62,22.83,185.26,253.99,0.95,,,,,,,,2.09,,,,74.62,64.56,,,false,,taco_290,,
"Corvina de água doce, crua",100g,TACO,101.01,18.92,0.0,2.24,,,,,,,,45.09,39.43,0.26,24.5,153.82,293.02,0.36,8.12,,,,,,0.08,,,,,73.11,79.25,,,false,,taco_291,,
"Corvina do mar, crua",100g,TACO,94.0,18.57,0.0,1.58,,,,,,,,67.97,,0.38,23.75,183.08,338.7,0.36,65.02,,,,,0.12,0.05,2.62,,,,67.07,79.35,,,false,,taco_292,,
"Corvina grande, assada",100g,TACO,146.53,26.77,0.0,3.57,,,,,,,,85.35,60.23,0.54,24.1,175.9,291.46,0.67,,,,,,0.11,0.1,4.23,,,,117.05,69.03,,,false,,taco_293,,
"Corvina grande, cozida",100g,TACO,100.08,23.44,0.0,2.56,,,,,,,,68.39,69.37,0.58,22.22,163.56,194.04,0.69,6.28,,,,,,0.03,0.77,,,,122.56,73.61,,,false,,taco_294,,
"Dourada de água doce, fresca",100g,TACO,131.21,18.81,0.0,5.64,,,,,,,,40.3,12.13,0.15,26.26,189.27,392.51,0.48,,,,,,,,3.7,,,,51.99,76.16,,,false,,taco_295,,
"Lambari, congelado, cru",100g,TACO,130.84,16.81,0.0,6.55,,,,,,,,47.92,1181.28,0.91,44.69,696.15,244.4,3.34,4.31,,,,,0.05,,3.3,,,,158.66,71.89,,,false,,taco_296,,
"Lambari, congelado, frito",100g,TACO,326.87,28.43,0.0,22.78,,,,,,,,64.55,1881.04,0.81,66.29,1067.28,331.17,5.62,9.45,,,,,0.25,0.03,8.93,0.04,,,246.32,40.14,,,false,,taco_297,,
"Lambari, fresco, cru",100g,TACO,151.6,15.65,0.0,9.4,,,,,,,,41.11,590.27,0.63,31.61,440.93,207.36,2.42,,,,,,,0.03,1.86,0.07,,,144.25,72.17,,,false,,taco_298,,
"Manjuba, com farinha de trigo, frita",100g,TACO,343.55,23.45,10.24,22.59,0.36,,,,,,,36.52,763.31,3.04,46.9,577.93,319.26,3.77,29.94,,,,,0.05,0.07,0.79,,,,281.75,41.3,,,false,,taco_299,,
"Manjuba, frita",100g,TACO,349.33,30.14,0.0,24.46,,,,,,,,40.61,575.03,0.92,31.66,735.43,318.18,3.23,12.07,,,,,0.03,0.03,7.27,,,,270.34,40.68,,,false,,taco_300,,
"Merluza, filé, assado",100g,TACO,121.91,26.6,0.0,0.92,,,,,,,,119.95,35.91,0.37,20.27,273.2,363.57,0.89,,,,,,0.05,,7.97,,,,90.97,70.73,,,false,,taco_301,,
"Merluza, filé, cru",100g,TACO,89.13,16.61,0.0,2.02,,,,,,,,79.5,20.4,0.19,27.02,184.57,339.53,0.33,,,,,,,,1.34,,,,57.18,82.07,,,false,,taco_302,,
"Merluza, filé, frito",100g,TACO,191.63,26.93,0.0,8.5,,,,,,,,89.96,35.63,0.38,38.14,278.93,446.62,0.56,,,,,,0.05,,0.77,,,,109.1,63.46,,,false,,taco_303,,
"Pescada, branca, crua",100g,TACO,110.88,16.26,0.0,4.59,,,,,,,,76.17,15.74,0.16,19.2,135.85,261.4,0.25,2.77,,,,,,0.04,0.6,,,,50.77,79.57,,,false,,taco_304,,
"Pescada, branca, frita",100g,TACO,223.04,27.36,0.0,11.78,,,,,,,,107.23,378.27,0.51,30.08,504.1,355.15,1.12,39.35,,,,,0.08,0.11,8.07,,,,165.44,57.0,,,false,,taco_305,,
"Pescada, filé, com farinha de trigo, frito",100g,TACO,283.43,21.44,5.03,19.11,,,,,,,,90.51,26.43,0.94,28.4,216.37,216.37,0.43,17.5,,,,,,0.03,0.6,,,,72.97,53.2,,,false,,taco_306,,
"Pescada, filé, cru",100g,TACO,107.21,16.65,0.0,4.0,,,,,,,,77.5,13.55,0.17,22.8,141.25,253.06,0.25,47.86,,,,,,0.05,3.1,,,,64.84,79.52,,,false,,taco_307,,
"Pescada, filé, frito",100g,TACO,154.27,28.59,0.0,3.57,,,,,,,,114.91,10.32,0.32,21.12,203.71,248.64,0.61,4.22,,,,,0.14,,8.87,,,,80.81,66.8,,,false,,taco_308,,
"Pescada, filé, molho escabeche",100g,TACO,141.96,11.75,5.02,8.02,0.78,,,,,,,51.29,20.12,1.47,18.06,105.46,208.24,0.29,,6.89,,,,,0.03,1.1,,,,43.4,74.53,,,false,,taco_309,,
"Pescadinha, crua",100g,TACO,76.41,15.48,0.0,1.14,,,,,,,,120.34,331.6,0.55,33.77,326.82,303.83,0.55,,,,,,0.08,,6.6,,,,83.61,80.62,,,false,,taco_310,,
"Pintado, assado",100g,TACO,191.56,36.45,0.0,3.98,,,,,,,,80.95,113.54,0.78,42.36,331.8,527.15,2.1,6.57,,,,,0.03,,6.63,,,,125.96,56.98,,,false,,taco_311,,
"Pintado, cru",100g,TACO,91.08,18.56,0.0,1.31,,,,,,,,43.34,12.0,0.22,23.7,174.47,293.65,0.39,,,,,,,,4.95,,,,50.3,80.27,,,false,,taco_312,,
"Pintado, grelhado",100g,TACO,152.19,30.8,0.0,2.29,,,,,,,,53.09,68.98,0.48,26.74,237.29,360.15,0.76,5.13,,,,,0.03,,2.87,,,,99.3,65.49,,,false,,taco_313,,
"Porquinho, cru",100g,TACO,93.02,20.49,0.0,0.61,,,,,,,,66.73,25.88,0.39,24.35,207.3,313.42,0.66,4.65,,,,,,,1.19,,,,48.61,79.17,,,false,,taco_314,,
"Salmão, filé, com pele, fresco,  grelhado",100g,TACO,228.73,23.92,0.0,14.04,,,,,,,,85.14,28.76,0.54,27.79,299.72,383.94,0.56,,,,,,0.13,0.06,5.35,,,,85.31,60.93,,,false,,taco_315,,
"Salmão, sem pele, fresco, cru",100g,TACO,169.78,19.25,0.0,9.71,,,,,,,,64.24,8.75,0.24,27.42,258.8,376.5,0.34,,,,,,0.2,0.03,3.21,,,,53.03,68.98,,,false,,taco_316,,
"Salmão, sem pele, fresco, grelhado",100g,TACO,242.71,26.14,0.0,14.53,,,,,,,,95.81,15.09,0.37,37.86,352.16,517.9,0.5,,,,,,0.23,0.03,6.3,,,,72.82,58.13,,,false,,taco_317,,
"Sardinha, assada",100g,TACO,164.35,32.18,0.0,2.99,,,,,,,,74.47,437.73,1.25,51.36,577.78,574.34,1.82,,,,,,0.06,,5.83,,,,108.99,60.08,,,false,,taco_318,,
"Sardinha, conserva em óleo",100g,TACO,284.98,15.94,0.0,24.05,,,,,,,,665.84,550.24,3.54,35.27,496.37,367.13,1.64,,,,,,0.42,0.04,6.55,,,,72.57,55.14,,,false,,taco_319,,
"Sardinha, frita",100g,TACO,257.04,33.38,0.0,12.69,,,,,,,,60.1,482.07,1.12,38.83,628.76,459.94,1.64,,,,,,0.06,,7.1,,,,102.87,48.49,,,false,,taco_320,,
"Sardinha, inteira, crua",100g,TACO,113.9,21.08,0.0,2.65,,,,,,,,60.39,167.33,1.34,28.53,293.9,312.37,1.29,,,,,,,0.07,7.7,,,,60.5,76.64,,,false,,taco_321,,
"Tucunaré, filé, congelado, cru",100g,TACO,87.69,17.96,-0.05,1.22,,,,,,,,56.55,19.22,0.27,25.64,167.87,288.06,0.44,,,,,,,0.05,0.9,,,,46.9,79.88,,,false,,taco_322,,
Apresuntado,100g,TACO,128.86,13.45,2.86,6.69,,,,,,,,942.93,22.58,0.88,15.26,225.39,270.07,1.65,,,,,,0.62,0.04,0.7,,,,37.67,73.72,,,false,,taco_323,,
"Caldo de carne, tablete",100g,TACO,240.62,7.82,15.05,16.57,0.58,,,,,,,22179.67,129.03,,22.06,123.04,218.15,,,,,,,0.7,0.07,,0.27,,,,2.93,,,false,,taco_324,,
"Caldo de galinha, tablete",100g,TACO,251.45,6.28,10.65,20.42,11.81,,,,,,,22299.9,16.36,0.69,12.79,48.06,68.03,0.26,,,,,,0.05,0.04,,,,,2.11,3.38,,,false,,taco_325,,
"Carne, bovina, acém, moído, cozido",100g,TACO,212.42,26.69,0.0,10.92,,,,,,,,52.36,4.03,2.65,17.07,164.44,255.71,8.1,,,,,,,0.32,1.76,,,,103.13,61.62,,,false,,taco_326,,
"Carne, bovina, acém, moído, cru",100g,TACO,136.56,19.42,0.0,5.95,,,,,,,,48.61,2.61,1.76,14.14,157.61,237.3,6.33,2.32,,,,,0.15,0.21,4.33,0.03,,,57.94,72.7,,,false,,taco_327,,
"Carne, bovina, acém, sem gordura, cozido",100g,TACO,214.61,27.27,0.0,10.88,,,,,,,,56.17,7.11,2.37,14.44,164.2,254.42,7.97,,,,,,,0.04,1.63,0.07,,,106.75,60.38,,,false,,taco_328,,
"Carne, bovina, acém, sem gordura, cru",100g,TACO,144.03,20.82,0.0,6.11,,,,,,,,49.85,4.72,1.51,13.28,144.19,233.65,5.21,2.17,,,,,0.12,0.12,2.33,,,,53.37,71.52,,,false,,taco_329,,
"Carne, bovina, almôndegas, cruas",100g,TACO,189.26,12.31,9.79,11.2,,,,,,,,621.25,22.23,1.56,23.75,144.93,328.24,2.33,,,,,,0.11,0.04,2.2,,,,33.6,64.28,,,false,,taco_330,,
"Carne, bovina, almôndegas, fritas",100g,TACO,271.81,18.16,14.29,15.78,,,,,,,,1030.26,26.76,1.91,48.12,244.3,536.1,2.61,,,,,,0.13,0.07,6.6,,,,36.38,48.09,,,false,,taco_331,,
"Carne, bovina, bucho, cozido",100g,TACO,133.02,21.64,0.0,4.5,,,,,,,,38.2,13.21,0.58,7.41,62.63,69.81,2.49,,,,,,,,2.18,,,,245.47,74.12,,,false,,taco_332,,
"Carne, bovina, bucho, cru",100g,TACO,137.3,20.53,0.0,5.5,,,,,,,,45.0,9.07,0.47,6.4,61.42,84.57,2.13,,,,,,,,2.13,,,,144.9,74.97,,,false,,taco_333,,
"Carne, bovina, capa de contra-filé, com gordura, crua",100g,TACO,216.91,19.2,0.0,14.96,,,,,,,,57.54,5.86,1.51,17.45,144.19,266.89,3.54,3.76,,,,,0.09,0.09,1.55,0.12,,,62.81,64.77,,,false,,taco_334,,
"Carne, bovina, capa de contra-filé, com gordura, grelhada",100g,TACO,311.7,30.69,0.0,20.03,,,,,,,,80.51,7.26,2.59,18.38,213.63,323.45,6.2,,,,,,,0.06,1.74,,,,120.43,47.88,,,false,,taco_335,,
"Carne, bovina, capa de contra-filé, sem gordura, crua",100g,TACO,131.06,21.54,0.0,4.33,,,,,,,,79.17,6.5,2.04,19.59,178.23,325.43,4.59,,,,,,,0.04,1.81,,,,58.35,72.99,,,false,,taco_336,,
"Carne, bovina, capa de contra-filé, sem gordura, grelhada",100g,TACO,239.44,35.06,-0.01,9.95,,,,,,,,82.75,8.84,2.84,25.61,287.38,384.84,7.64,,,,,,0.03,0.08,1.86,,,,80.29,53.74,,,false,,taco_337,,
"Carne, bovina, charque, cozido",100g,TACO,262.78,36.36,0.0,11.92,,,,,,,,1442.7,14.85,3.45,12.81,100.9,89.57,6.09,,,,,,0.05,0.07,1.5,,,,113.43,45.79,,,false,,taco_338,,
"Carne, bovina, charque, cru",100g,TACO,248.86,22.71,0.0,16.84,,,,,,,,5875.03,15.18,1.53,13.36,122.29,236.26,3.89,,,,,,0.12,0.07,1.63,,,,80.69,44.47,,,false,,taco_339,,
"Carne, bovina, contra-filé, à milanesa",100g,TACO,351.59,20.61,12.17,24.0,0.37,,,,,,,77.09,14.67,2.9,27.04,202.95,270.96,2.86,,,,,,0.07,0.04,3.02,,,,99.36,42.16,,,false,,taco_340,,
"Carne, bovina, contra-filé de costela, cru",100g,TACO,202.44,19.8,0.0,13.07,,,,,,,,38.52,3.16,1.56,14.0,163.85,245.07,4.35,3.05,,,,,0.14,0.08,2.68,,,,52.31,66.38,,,false,,taco_341,,
"Carne, bovina, contra-filé de costela, grelhado",100g,TACO,274.91,29.88,0.0,16.33,,,,,,,,50.88,4.29,2.79,23.57,251.89,382.74,6.68,,,,,,,0.19,2.75,0.17,,,97.87,52.19,,,false,,taco_342,,
"Carne, bovina, contra-filé, com gordura, cru",100g,TACO,205.86,21.15,0.0,12.81,,,,,,,,44.13,3.67,1.31,18.16,164.2,284.65,2.79,3.59,,,,,0.11,0.08,3.79,0.03,,,72.65,65.75,,,false,,taco_343,,
"Carne, bovina, contra-filé, com gordura, grelhado",100g,TACO,278.05,32.4,0.0,15.49,,,,,,,,57.07,4.46,2.35,18.66,218.54,351.86,4.78,,,,,,,0.18,4.91,0.13,,,143.86,51.71,,,false,,taco_344,,
"Carne, bovina, contra-filé, sem gordura, cru",100g,TACO,156.62,24.0,0.0,6.0,,,,,,,,52.89,4.2,1.68,20.63,183.82,334.62,3.24,,,,,,,0.2,4.64,,,,59.46,69.14,,,false,,taco_345,,
"Carne, bovina, contra-filé, sem gordura, grelhado",100g,TACO,193.69,35.88,0.0,4.49,,,,,,,,57.51,5.0,2.35,21.06,240.6,386.47,5.14,,,,,,,0.17,4.93,0.16,,,101.9,57.53,,,false,,taco_346,,
"Carne, bovina, costela, assada",100g,TACO,373.04,28.81,0.0,27.72,,,,,,,,91.86,28.01,2.18,19.55,179.05,270.01,5.45,,,,,,,0.08,0.56,0.35,,,94.59,43.19,,,false,,taco_347,,
"Carne, bovina, costela, crua",100g,TACO,357.72,16.71,0.0,31.75,,,,,,,,70.0,,1.2,11.68,129.97,151.16,2.7,4.57,,,,,0.12,0.11,5.99,,,,44.19,52.73,,,false,,taco_348,,
"Carne, bovina, coxão duro, sem gordura, cozido",100g,TACO,216.62,31.88,0.0,8.92,,,,,,,,41.1,3.98,1.7,13.79,188.97,251.66,4.97,2.06,,,,,,,3.26,,,,71.1,58.53,,,false,,taco_349,,
"Carne, bovina, coxão duro, sem gordura, cru",100g,TACO,147.97,21.51,0.0,6.22,,,,,,,,48.55,2.95,1.89,21.11,188.51,357.88,2.81,2.07,,,,,0.12,0.2,4.38,,,,59.98,69.8,,,false,,taco_350,,
"Carne, bovina, coxão mole, sem gordura, cozido",100g,TACO,218.68,32.38,0.0,8.91,,,,,,,,43.5,3.73,2.56,13.47,182.67,238.51,4.7,2.47,,,,,,,4.09,,,,84.15,58.04,,,false,,taco_351,,
"Carne, bovina, coxão mole, sem gordura, cru",100g,TACO,169.07,21.23,0.0,8.69,,,,,,,,60.53,2.99,1.89,20.72,175.4,334.9,2.63,2.61,,,,,0.12,0.19,2.32,,,,83.82,68.6,,,false,,taco_352,,
"Carne, bovina, cupim, assado",100g,TACO,330.1,28.63,0.0,23.04,,,,,,,,71.59,7.62,2.7,18.21,212.27,321.07,5.29,,,,,,,0.08,2.16,0.14,,,90.8,48.42,,,false,,taco_353,,
"Carne, bovina, cupim, cru",100g,TACO,221.4,19.54,0.0,15.3,,,,,,,,46.86,3.57,1.13,12.76,220.13,150.58,2.42,2.7,,,,,0.11,0.05,3.33,0.03,,,50.95,64.83,,,false,,taco_354,,
"Carne, bovina, fígado, cru",100g,TACO,141.05,20.71,1.11,5.36,,,,,,,,75.92,4.16,5.63,12.42,334.16,264.5,3.46,7936.7,,,,,0.14,0.9,10.66,,,,392.88,71.33,,,false,,taco_355,,
"Carne, bovina, fígado, grelhado",100g,TACO,225.03,29.86,4.2,9.01,,,,,,,,82.19,5.56,5.79,9.7,419.92,309.37,3.95,14574.0,,,,,0.21,2.69,11.92,,,,601.47,54.97,,,false,,taco_356,,
"Carne, bovina, filé mingnon, sem gordura, cru",100g,TACO,142.86,21.6,0.0,5.61,,,,,,,,48.86,2.93,1.92,21.39,192.76,321.53,2.75,3.63,,,,,0.12,0.1,1.78,0.04,,,54.76,71.89,,,false,,taco_357,,
"Carne, bovina, filé mingnon, sem gordura, grelhado",100g,TACO,219.7,32.8,0.0,8.83,,,,,,,,57.91,4.31,2.87,28.26,308.14,325.98,4.13,,,,,,0.03,0.08,4.27,0.05,,,102.88,57.0,,,false,,taco_358,,
"Carne, bovina, flanco, sem gordura, cozido",100g,TACO,195.58,29.38,0.0,7.77,,,,,,,,41.68,3.53,2.77,13.61,181.45,248.8,5.55,1.76,,,,,,,2.32,,,,62.0,61.98,,,false,,taco_359,,
"Carne, bovina, flanco, sem gordura, cru",100g,TACO,141.46,20.0,0.0,6.22,,,,,,,,54.22,2.81,1.58,17.85,166.73,324.11,4.45,2.02,,,,,0.11,0.16,3.28,,,,50.3,72.07,,,false,,taco_360,,
"Carne, bovina, fraldinha, com gordura, cozida",100g,TACO,338.45,24.24,0.0,26.05,,,,,,,,38.78,3.21,2.03,14.48,160.58,206.76,6.5,,,,,,,0.05,1.61,0.07,,,64.87,49.72,,,false,,taco_361,,
"Carne, bovina, fraldinha, com gordura, crua",100g,TACO,220.72,17.58,0.0,16.15,,,,,,,,51.2,3.11,1.54,16.12,131.4,274.12,4.19,4.64,,,,,0.08,0.07,3.56,0.03,,,54.34,65.44,,,false,,taco_362,,
"Carne, bovina, lagarto, cozido",100g,TACO,222.47,32.86,0.0,9.11,,,,,,,,47.54,3.53,1.85,12.96,167.27,254.44,6.96,2.9,,,,,,,2.55,,,,55.7,57.63,,,false,,taco_363,,
"Carne, bovina, lagarto, cru",100g,TACO,134.86,20.54,0.0,5.23,,,,,,,,53.56,2.59,1.32,19.67,184.72,361.84,2.39,1.99,,,,,0.1,0.14,2.19,0.03,,,55.79,70.97,,,false,,taco_364,,
"Carne, bovina, língua, cozida",100g,TACO,314.9,21.37,0.0,24.8,,,,,,,,59.06,5.93,2.07,11.54,136.46,175.29,4.09,,,,,,,0.08,1.83,,,,105.07,53.41,,,false,,taco_365,,
"Carne, bovina, língua, crua",100g,TACO,215.25,17.09,0.0,15.77,,,,,,,,73.05,5.04,1.7,15.3,163.57,250.71,2.87,,,,,,0.05,0.04,1.18,,,,117.85,65.02,,,false,,taco_366,,
"Carne, bovina, maminha, crua",100g,TACO,152.77,20.93,0.0,7.03,,,,,,,,37.42,2.83,1.15,15.66,181.32,273.66,3.48,3.18,,,,,0.12,0.08,4.27,0.03,,,50.8,69.99,,,false,,taco_367,,
"Carne, bovina, maminha, grelhada",100g,TACO,153.09,30.74,0.0,2.42,,,,,,,,58.12,4.17,2.43,20.89,237.48,386.42,5.58,,,,,,,0.04,1.46,0.13,,,87.7,65.28,,,false,,taco_368,,
"Carne, bovina, miolo de alcatra, sem gordura, cru",100g,TACO,162.87,21.61,0.0,7.83,,,,,,,,43.05,3.19,1.97,20.02,165.09,298.74,2.96,3.52,,,,,0.12,0.07,3.59,,,,60.37,69.49,,,false,,taco_369,,
"Carne, bovina, miolo de alcatra, sem gordura, grelhado",100g,TACO,241.36,31.93,0.0,11.64,,,,,,,,51.62,4.51,3.17,25.97,279.24,385.11,4.82,,,,,,0.03,0.05,4.66,0.05,,,92.2,52.43,,,false,,taco_370,,
"Carne, bovina, músculo, sem gordura, cozido",100g,TACO,193.8,31.23,0.0,6.7,,,,,,,,61.79,4.98,2.36,13.42,175.7,252.56,6.44,1.91,,,,,,,1.97,,,,56.15,62.82,,,false,,taco_371,,
"Carne, bovina, músculo, sem gordura, cru",100g,TACO,141.58,21.56,0.0,5.49,,,,,,,,66.08,3.64,1.86,17.45,162.19,295.84,3.65,1.91,,,,,0.09,0.19,2.79,0.04,,,50.94,72.35,,,false,,taco_372,,
"Carne, bovina, paleta, com gordura, crua",100g,TACO,158.71,21.41,0.0,7.46,,,,,,,,64.9,4.36,1.76,14.15,157.6,249.68,3.65,,,,,,,0.04,0.91,,,,58.26,70.62,,,false,,taco_373,,
"Carne, bovina, paleta, sem gordura, cozida",100g,TACO,193.65,29.72,0.0,7.4,,,,,,,,57.62,5.64,2.17,17.66,197.45,249.81,6.82,,,,,,0.03,0.04,2.16,,,,55.61,62.94,,,false,,taco_374,,
"Carne, bovina, paleta, sem gordura, crua",100g,TACO,140.94,21.03,0.0,5.67,,,,,,,,65.86,3.62,1.93,17.51,163.36,319.43,3.34,3.27,,,,,0.13,0.21,2.67,,,,42.25,72.08,,,false,,taco_375,,
"Carne, bovina, patinho, sem gordura, cru",100g,TACO,133.47,21.72,0.0,4.51,,,,,,,,49.13,3.3,1.78,20.1,170.37,317.61,4.47,1.51,,,,,0.11,0.08,3.61,,,,55.61,72.91,,,false,,taco_376,,
"Carne, bovina, patinho, sem gordura, grelhado",100g,TACO,219.26,35.9,0.0,7.31,,,,,,,,60.29,4.8,3.03,27.26,288.84,420.96,8.09,,,,,,0.04,0.03,3.01,,,,125.68,55.15,,,false,,taco_377,,
"Carne, bovina, peito, sem gordura, cozido",100g,TACO,338.47,22.25,0.0,26.99,,,,,,,,55.71,4.03,1.6,13.87,135.96,204.49,3.89,,,,,,,0.3,4.54,,,,99.54,51.18,,,false,,taco_378,,
"Carne, bovina, peito, sem gordura, cru",100g,TACO,259.28,17.56,0.0,20.43,,,,,,,,63.76,3.94,1.31,15.32,124.36,241.4,2.63,4.25,,,,,0.11,0.07,3.91,0.03,,,59.3,61.49,,,false,,taco_379,,
"Carne, bovina, picanha, com gordura, crua",100g,TACO,212.88,18.82,0.0,14.69,,,,,,,,37.62,2.42,1.71,14.22,165.29,231.65,3.77,3.46,,,,,0.13,0.16,4.77,,,,59.55,65.64,,,false,,taco_380,,
"Carne, bovina, picanha, com gordura, grelhada",100g,TACO,288.77,26.42,0.0,19.51,,,,,,,,60.0,4.0,3.2,24.0,246.0,355.0,5.5,,,,,,0.03,0.06,1.6,0.13,,,91.76,53.39,,,false,,taco_381,,
"Carne, bovina, picanha, sem gordura, crua",100g,TACO,133.52,21.25,0.0,4.74,,,,,,,,61.15,3.39,2.13,20.25,183.05,322.5,4.23,,,,,,,0.05,1.89,,,,75.23,72.42,,,false,,taco_382,,
"Carne, bovina, picanha, sem gordura, grelhada",100g,TACO,238.47,31.91,0.0,11.33,,,,,,,,60.66,4.43,3.55,25.42,281.91,376.6,6.7,,,,,,,0.08,1.82,0.03,,,99.71,54.63,,,false,,taco_383,,
"Carne, bovina, seca, cozida",100g,TACO,312.8,26.93,0.0,21.93,,,,,,,,1943.18,12.76,1.88,11.9,82.38,86.03,7.7,,,,,,,0.06,2.32,,,,100.14,47.19,,,false,,taco_384,,
"Carne, bovina, seca, crua",100g,TACO,312.75,19.66,0.0,25.37,,,,,,,,4439.55,14.11,1.33,12.22,100.0,190.15,3.65,,,,,,,0.07,2.83,,,,91.55,39.24,,,false,,taco_385,,
"Coxinha de frango, frita",100g,TACO,283.05,9.61,34.52,11.84,4.97,,,,,,,532.13,18.33,1.26,16.78,92.54,166.21,0.51,,,,,,0.09,,2.6,,,,14.81,42.21,,,false,,taco_386,,
"Croquete, de carne, cru",100g,TACO,245.77,12.04,13.95,15.56,,,,,,,,710.64,15.5,2.51,23.64,144.18,221.4,2.67,,,,,,0.11,0.04,1.95,,,,29.85,55.96,,,false,,taco_387,,
"Croquete, de carne, frito",100g,TACO,346.74,16.86,18.15,22.67,,,,,,,,916.41,18.09,2.31,29.52,176.26,313.02,3.3,,,,,,0.14,0.04,4.77,,,,38.1,39.23,,,false,,taco_388,,
"Empada de frango, pré-cozida, assada",100g,TACO,358.19,6.94,47.49,15.61,2.16,,,,,,,524.93,15.61,1.19,18.3,77.62,137.66,0.64,,,,,,0.12,,,,,,22.72,28.19,,,false,,taco_389,,
"Empada, de frango, pré-cozida",100g,TACO,377.48,7.34,35.53,22.89,2.22,,,,,,,770.73,13.56,0.75,17.33,77.94,156.36,0.5,,,,,,0.11,,,0.03,,,23.28,32.03,,,false,,taco_390,,
"Frango, asa, com pele, crua",100g,TACO,213.19,18.1,0.0,15.07,,,,,,,,96.3,10.92,0.57,23.22,154.79,211.16,1.25,10.37,,,,,0.11,0.04,2.58,,,,113.45,67.47,,,false,,taco_391,,
"Frango, caipira, inteiro, com pele, cozido",100g,TACO,242.89,23.88,0.0,15.62,,,,,,,,56.09,16.76,1.66,18.35,161.94,210.01,1.7,16.16,,,,,0.03,,6.33,,,,109.55,59.69,,,false,,taco_392,,
"Frango, caipira, inteiro, sem pele, cozido",100g,TACO,195.76,29.57,0.0,7.7,,,,,,,,53.24,66.14,2.12,23.17,209.6,223.59,2.66,6.05,,,,,0.03,0.03,9.2,,,,105.52,61.42,,,false,,taco_393,,
"Frango, coração, cru",100g,TACO,221.5,12.58,0.0,18.6,,,,,,,,95.06,5.51,4.09,19.83,193.39,220.07,2.01,9.39,,,,,0.23,0.35,3.39,,,,159.24,69.05,,,false,,taco_394,,
"Frango, coração, grelhado",100g,TACO,207.27,22.44,0.61,12.1,,,,,,,,128.24,8.35,6.53,20.12,275.78,242.69,3.45,,,,,,0.2,0.19,9.7,,,,280.36,63.51,,,false,,taco_395,,
"Frango, coxa, com pele, assada",100g,TACO,215.12,28.49,0.06,10.36,,,,,,,,94.84,8.34,1.22,13.93,251.35,318.11,2.55,5.97,,,,,0.05,0.05,10.4,,,,145.48,59.79,,,false,,taco_396,,
"Frango, coxa, com pele, crua",100g,TACO,161.47,17.09,0.0,9.81,,,,,,,,94.96,8.0,0.7,25.81,185.34,274.73,1.97,10.02,,,,,0.16,0.05,2.04,,,,97.4,72.85,,,false,,taco_397,,
"Frango, coxa, sem pele, cozida",100g,TACO,167.43,26.86,0.0,5.85,,,,,,,,64.34,11.78,0.83,11.14,186.74,191.14,2.83,,,,,,0.07,,8.2,,,,132.92,66.66,,,false,,taco_398,,
"Frango, coxa, sem pele, crua",100g,TACO,119.95,17.81,0.02,4.86,,,,,,,,98.37,7.97,0.78,27.23,196.48,291.19,2.24,11.66,,,,,0.17,0.05,3.53,,,,90.56,76.42,,,false,,taco_399,,
"Frango, fígado, cru",100g,TACO,106.48,17.59,-0.02,3.49,,,,,,,,82.43,5.61,9.54,27.83,343.9,280.5,3.73,3863.33,,,,,0.62,0.56,6.36,,,,340.58,77.75,,,false,,taco_400,,
"Frango, filé, à milanesa",100g,TACO,220.87,28.46,7.51,7.79,1.13,,,,,,,122.33,8.91,1.08,34.83,249.35,407.56,0.84,6.61,,,,,0.05,0.04,11.07,0.52,,,84.32,54.89,,,false,,taco_401,,
"Frango, inteiro, com pele, cru",100g,TACO,226.32,16.44,0.0,17.31,,,,,,,,62.88,6.3,0.62,24.3,173.55,217.24,1.12,7.0,,,,,0.08,0.03,3.28,,,,84.84,66.54,,,false,,taco_402,,
"Frango, inteiro, sem pele, assado",100g,TACO,187.34,28.02,0.0,7.5,,,,,,,,70.27,9.06,0.55,13.88,232.94,283.27,1.58,,,,,,0.09,,11.2,,,,110.94,63.2,,,false,,taco_403,,
"Frango, inteiro, sem pele, cozido",100g,TACO,170.39,24.99,0.0,7.06,,,,,,,,50.89,8.18,0.46,12.35,193.67,216.53,1.24,,,,,,0.1,,12.83,,,,98.93,67.45,,,false,,taco_404,,
"Frango, inteiro, sem pele, cru",100g,TACO,129.1,20.59,0.0,4.57,,,,,,,,72.96,6.52,0.54,27.04,190.48,237.68,1.24,3.67,,,,,0.12,0.03,3.28,,,,78.24,74.86,,,false,,taco_405,,
"Frango, peito, com pele, assado",100g,TACO,211.68,33.42,0.0,7.65,,,,,,,,55.7,8.26,0.48,18.14,297.02,380.31,0.95,6.23,,,,,0.12,,15.8,,,,109.03,58.54,,,false,,taco_406,,
"Frango, peito, com pele, cru",100g,TACO,149.47,20.78,0.0,6.73,,,,,,,,62.31,8.42,0.44,28.29,212.97,251.82,0.6,4.0,,,,,0.09,,2.58,,,,79.93,71.94,,,false,,taco_407,,
"Frango, peito, sem pele, cozido",100g,TACO,162.87,31.47,0.0,3.16,,,,,,,,36.17,6.44,0.34,13.76,224.43,231.05,0.95,,,,,,0.1,,7.6,,,,88.51,65.57,,,false,,taco_408,,
"Frango, peito, sem pele, cru",100g,TACO,119.16,21.53,0.0,3.02,,,,,,,,56.14,7.36,0.43,31.26,222.03,267.09,0.66,2.0,,,,,0.1,,5.86,,,,58.68,74.79,,,false,,taco_409,,
"Frango, peito, sem pele, grelhado",100g,TACO,159.19,32.03,0.0,2.48,,,,,,,,50.25,5.34,0.33,18.27,295.01,387.37,0.78,,,,,,0.11,,24.83,,,,89.12,63.81,,,false,,taco_410,,
"Frango, sobrecoxa, com pele, assada",100g,TACO,259.6,28.7,0.0,15.19,,,,,,,,95.94,10.68,1.21,14.6,252.23,323.07,2.17,8.22,,,,,0.1,0.05,11.2,,,,158.26,55.0,,,false,,taco_411,,
"Frango, sobrecoxa, com pele, crua",100g,TACO,254.53,15.46,0.0,20.9,,,,,,,,68.27,7.09,0.71,21.5,154.19,190.19,1.31,6.59,,,,,0.09,0.06,3.4,,,,87.63,63.58,,,false,,taco_412,,
"Frango, sobrecoxa, sem pele, assada",100g,TACO,232.88,29.18,0.0,12.01,,,,,,,,106.08,12.25,1.17,17.23,281.34,382.21,2.18,10.7,,,,,0.1,0.05,10.2,,,,145.11,55.63,,,false,,taco_413,,
"Frango, sobrecoxa, sem pele, crua",100g,TACO,161.8,17.57,0.0,9.62,,,,,,,,79.75,6.29,0.9,26.33,187.29,241.09,1.67,3.92,,,,,0.12,0.06,4.06,,,,84.09,72.71,,,false,,taco_414,,
"Hambúrguer, bovino, cru",100g,TACO,214.84,13.16,4.15,16.18,,,,,,,,869.46,34.06,1.89,24.52,140.72,382.59,1.7,,,,,,0.06,0.08,3.53,0.04,,,70.01,63.6,,,false,,taco_415,,
"Hambúrguer, bovino, frito",100g,TACO,258.28,19.97,6.32,17.01,,,,,,,,1251.8,62.39,3.02,59.7,324.46,660.09,3.18,,,,,,0.13,0.06,2.73,,,,48.9,52.46,,,false,,taco_416,,
"Hambúrguer, bovino, grelhado",100g,TACO,209.83,13.16,11.33,12.43,,,,,,,,1090.33,56.21,2.64,47.57,262.67,537.56,3.02,,,,,,0.18,0.06,5.77,,,,58.53,59.23,,,false,,taco_417,,
"Lingüiça, frango, crua",100g,TACO,218.11,14.24,0.0,17.44,,,,,,,,1125.81,10.84,0.47,18.97,181.51,279.73,0.69,,,,,,0.11,0.05,4.6,,,,64.13,64.76,,,false,,taco_418,,
"Lingüiça, frango, frita",100g,TACO,245.46,18.32,0.0,18.54,,,,,,,,1373.89,15.48,0.79,29.19,262.07,363.79,1.16,,,,,,0.11,0.05,5.67,,,,75.79,59.57,,,false,,taco_419,,
"Lingüiça, frango, grelhada",100g,TACO,243.66,18.19,0.0,18.4,,,,,,,,1351.49,13.93,0.72,21.1,228.02,356.0,1.03,,,,,,0.12,0.04,5.97,,,,80.48,58.58,,,false,,taco_420,,
"Lingüiça, porco, crua",100g,TACO,227.2,16.06,0.0,17.58,,,,,,,,1175.72,6.13,0.44,14.05,157.48,316.33,1.36,,,,,,0.49,0.05,2.6,,,,52.93,62.48,,,false,,taco_421,,
"Lingüiça, porco, frita",100g,TACO,279.54,20.45,0.0,21.31,,,,,,,,1431.59,8.48,0.87,18.22,210.78,408.94,3.08,,,,,,0.41,0.07,5.83,,,,74.71,54.61,,,false,,taco_422,,
"Lingüiça, porco, grelhada",100g,TACO,296.49,23.17,0.0,21.9,,,,,,,,1455.86,8.14,1.01,18.79,209.81,426.6,3.48,,,,,,0.4,0.07,6.6,,,,81.7,50.48,,,false,,taco_423,,
Mortadela,100g,TACO,268.82,11.95,5.82,21.65,,,,,,,,1212.17,66.55,1.47,19.14,215.67,247.28,1.02,,,,,,0.14,0.06,3.0,,,,82.76,56.44,,,false,,taco_424,,
"Peru, congelado, assado",100g,TACO,163.07,26.2,0.0,5.67,,,,,,,,627.88,13.84,0.59,11.54,197.36,175.12,1.21,,,,,,0.06,,6.23,,,,91.24,65.32,,,false,,taco_425,,
"Peru, congelado, cru",100g,TACO,93.72,18.08,0.0,1.83,,,,,,,,710.68,9.88,0.87,18.84,216.67,281.35,1.44,,,,,,0.06,,4.23,,,,68.16,78.18,,,false,,taco_426,,
"Porco, bisteca, crua",100g,TACO,164.12,21.5,0.0,8.02,,,,,,,,54.29,6.11,0.53,24.07,195.16,334.99,1.43,,,,,,0.9,,2.65,,,,56.38,67.7,,,false,,taco_427,,
"Porco, bisteca, frita",100g,TACO,311.17,33.75,0.0,18.52,,,,,,,,63.03,69.15,0.82,29.12,289.87,403.51,2.16,9.74,,,,,0.34,,3.25,,,,126.3,47.33,,,false,,taco_428,,
"Porco, bisteca, grelhada",100g,TACO,280.08,28.89,0.0,17.38,,,,,,,,51.45,34.31,0.86,24.74,229.44,366.42,2.35,,,,,,0.77,0.14,1.92,0.03,,,81.68,51.84,,,false,,taco_429,,
"Porco, costela, assada",100g,TACO,402.17,30.22,0.0,30.28,,,,,,,,62.68,16.77,1.04,14.04,200.78,245.97,3.1,,,,,,0.71,0.05,10.63,,,,112.86,36.92,,,false,,taco_430,,
"Porco, costela, crua",100g,TACO,255.61,18.0,0.0,19.82,,,,,,,,87.98,14.53,0.9,17.97,159.08,248.23,2.27,,,,,,0.62,,8.27,,,,68.83,61.21,,,false,,taco_431,,
"Porco, lombo, assado",100g,TACO,210.23,35.73,0.0,6.4,,,,,,,,38.92,19.51,0.46,18.14,238.36,311.14,1.76,,,,,,0.75,0.07,12.43,0.11,,,103.08,56.56,,,false,,taco_432,,
"Porco, lombo, cru",100g,TACO,175.63,22.6,0.0,8.77,,,,,,,,53.07,4.16,0.47,23.91,194.52,334.38,0.93,,,,,,0.95,,13.83,,,,55.39,67.73,,,false,,taco_433,,
"Porco, orelha, salgada, crua",100g,TACO,258.49,18.52,0.0,19.89,,,,,,,,615.6,5.44,1.41,2.07,30.79,228.46,0.57,,,,,,0.07,0.03,,,,,83.01,59.67,,,false,,taco_434,,
"Porco, pernil, assado",100g,TACO,262.26,32.13,0.0,13.86,,,,,,,,62.41,17.59,1.25,27.35,247.09,395.19,3.25,,,,,,0.77,0.09,6.57,,,,109.8,49.26,,,false,,taco_435,,
"Porco, pernil, cru",100g,TACO,186.06,20.12,0.0,11.1,,,,,,,,101.89,12.94,0.89,22.88,192.48,255.58,1.73,,,,,,1.06,0.06,5.67,,,,58.69,67.08,,,false,,taco_436,,
"Porco, rabo, salgado, cru",100g,TACO,377.42,15.58,0.0,34.47,,,,,,,,1157.67,21.63,0.62,3.6,42.39,23.76,1.41,,,,,,0.2,0.06,1.43,,,,89.09,43.79,,,false,,taco_437,,
"Presunto, com capa de gordura",100g,TACO,127.85,14.37,1.4,6.77,,,,,,,,1020.77,12.48,0.68,17.04,273.87,294.58,1.32,,,,,,0.62,0.03,3.78,,,,39.51,73.95,,,false,,taco_438,,
"Presunto, sem capa de gordura",100g,TACO,93.74,14.29,2.15,2.71,,,,,,,,1039.18,23.27,0.83,17.51,244.06,307.3,1.46,,,,,,0.5,0.03,4.0,,,,35.77,77.18,,,false,,taco_439,,
"Quibe, assado",100g,TACO,136.23,14.59,12.86,2.68,1.9,,,,,,,39.89,15.62,2.15,36.08,174.37,287.78,4.12,,,,,,0.04,0.04,1.81,,,,33.73,69.02,,,false,,taco_440,,
"Quibe, cru",100g,TACO,109.49,12.35,10.77,1.67,1.65,,,,,,,38.77,12.09,1.65,25.69,125.79,241.74,2.75,,,,,,0.09,0.03,1.2,,,,26.93,74.51,,,false,,taco_441,,
"Quibe, frito",100g,TACO,253.83,14.89,12.34,15.8,,,,,,,,835.83,21.73,1.95,38.77,165.83,322.47,2.78,,,,,,0.12,0.1,1.5,,,,37.77,53.96,,,false,,taco_442,,
Salame,100g,TACO,397.84,25.81,2.91,30.64,,,,,,,,1574.17,87.02,1.25,29.91,354.27,548.0,3.15,,,,,,0.88,0.23,12.49,,,,85.09,34.7,,,false,,taco_443,,
"Toucinho, cru",100g,TACO,592.53,11.48,0.0,60.26,,,,,,,,49.59,2.39,0.44,3.57,35.36,57.57,0.21,,,,,,,,5.1,,,,73.08,27.61,,,false,,taco_444,,
"Toucinho, frito",100g,TACO,696.56,27.28,0.0,64.31,,,,,,,,124.85,9.44,0.86,9.46,94.72,170.86,0.84,,,,,,,,5.03,,,,89.46,6.33,,,false,,taco_445,,
"Bebida láctea, pêssego",100g,TACO,55.16,2.13,7.57,1.91,0.29,,,,,,,46.26,88.63,,8.59,63.1,62.26,0.24,,2.05,,,,0.03,0.14,0.33,,,,5.37,87.69,,,false,,taco_446,,
Creme de Leite,100g,TACO,221.48,1.51,4.51,22.48,,,,,,,,51.72,82.73,0.3,7.54,118.46,118.65,0.29,,,,,,,0.1,0.0,,,,66.48,70.89,,,false,,taco_447,,
"Iogurte, natural",100g,TACO,51.49,4.06,1.92,3.04,,,,,,,,51.62,143.1,,11.25,119.04,71.28,0.44,,0.93,,,,0.04,0.22,,,,,13.78,90.04,,,false,,taco_448,,
"Iogurte, natural, desnatado",100g,TACO,41.49,3.83,5.77,0.32,,,,,,,,59.64,156.96,,11.98,109.68,182.13,0.51,,0.35,,,,,0.22,,,,,3.33,89.22,,,false,,taco_449,,
"Iogurte, sabor abacaxi",100g,TACO,,,,,,,,,,,,,,,,,,,,,,,,,,,,,,5.63,,,,false,,taco_450,,
"Iogurte, sabor morango",100g,TACO,69.57,2.71,9.69,2.33,0.22,,,,,,,37.66,101.03,,8.04,73.48,52.35,0.3,,,,,,0.03,0.12,,0.02,,,7.49,84.63,,,false,,taco_451,,
"Iogurte, sabor pêssego",100g,TACO,67.85,2.53,9.43,2.34,0.72,,,,,,,36.96,95.05,0.05,7.96,65.55,52.09,0.3,,,,,,0.02,0.1,0.38,,,,8.4,85.06,,,false,,taco_452,,
"Leite, condensado",100g,TACO,312.57,7.67,57.0,6.74,,,,,,,,93.8,246.27,0.13,21.98,187.18,328.93,0.86,,2.14,,,,0.06,0.33,,0.57,,,27.64,26.96,,,false,,taco_453,,
"Leite, de cabra",100g,TACO,66.42,3.07,5.25,3.75,,,,,,,,73.95,112.25,0.1,9.8,113.2,139.99,0.35,,,,,,,0.14,,,,,13.99,87.07,,,false,,taco_454,,
"Leite, de vaca, achocolatado",100g,TACO,82.82,2.1,14.16,2.17,0.65,,,,,,,71.74,69.79,0.46,12.88,70.87,155.24,0.31,,3.26,,,,0.07,0.29,1.23,0.14,,,6.08,80.89,,,false,,taco_455,,
"Leite, de vaca, desnatado, pó",100g,TACO,361.61,34.69,53.04,0.93,,,,,,,,431.67,1363.17,0.93,108.71,1673.43,1555.66,3.84,,,,,,0.32,1.2,0.81,,,,24.79,3.1,,,false,,taco_456,,
"Leite, de vaca, desnatado, UHT",100g,TACO,,,,,,,,,,,,51.14,133.81,,10.23,85.37,140.03,0.38,,,,,,0.04,0.26,1.49,,,,3.75,,,,false,,taco_457,,
"Leite, de vaca, integral",100g,TACO,,,,,,,,,,,,63.76,122.58,,9.64,81.98,133.19,0.38,,,,,,0.04,0.24,1.52,,,,10.49,,,,false,,taco_458,,
"Leite, de vaca, integral, pó",100g,TACO,496.65,25.42,39.18,26.9,,,,,,,,323.2,890.27,0.52,77.43,1242.28,1131.66,2.73,,,,,,0.24,1.03,,,,,85.26,2.7,,,false,,taco_459,,
"Leite, fermentado",100g,TACO,69.62,1.89,15.67,0.1,,,,,,,,33.43,71.53,,6.23,62.81,94.48,0.26,,0.49,,,,0.07,0.11,,,,,1.85,81.88,,,false,,taco_460,,
"Queijo, minas, frescal",100g,TACO,264.27,17.41,3.24,20.18,,,,,,,,31.23,579.25,0.93,6.88,123.31,104.85,0.29,,,,,,,0.25,,,,,62.0,56.12,,,false,,taco_461,,
"Queijo, minas, meia cura",100g,TACO,320.72,21.21,3.57,24.61,,,,,,,,501.17,695.92,0.22,27.07,402.53,119.98,2.68,,,,,,0.03,0.32,,,,,76.3,47.12,,,false,,taco_462,,
"Queijo, mozarela",100g,TACO,329.87,22.65,3.05,25.18,,,,,,,,581.36,875.04,0.31,23.57,470.0,61.89,3.52,,,,,,,0.2,,,,,79.58,45.34,,,false,,taco_463,,
"Queijo, parmesão",100g,TACO,452.96,35.55,1.66,33.53,,,,,,,,1844.08,991.97,0.53,33.37,744.62,96.24,4.36,,,,,,,0.44,,0.23,,,105.84,21.25,,,false,,taco_464,,
"Queijo, pasteurizado",100g,TACO,303.08,9.36,5.68,27.44,,,,,,,,780.43,323.3,0.27,16.0,577.94,193.72,1.3,,,,,,,0.2,,,,,82.16,54.42,,,false,,taco_465,,
"Queijo, petit suisse, morango",100g,TACO,121.11,5.79,18.46,2.84,,,,,,,,412.47,730.93,0.14,26.51,448.46,121.46,2.66,,,,,,0.22,0.27,2.68,0.21,,,12.07,72.22,,,false,,taco_466,,
"Queijo, prato",100g,TACO,359.88,22.66,1.88,29.11,,,,,,,,579.77,939.99,0.28,28.27,460.84,73.47,3.46,,,,,,,0.22,,,,,90.9,42.44,,,false,,taco_467,,
"Queijo, requeijão, cremoso",100g,TACO,256.58,9.63,2.43,23.44,,,,,,,,557.92,259.47,0.12,11.63,447.88,93.06,1.28,,,,,,,0.19,,,,,73.67,62.47,,,false,,taco_468,,
"Queijo, ricota",100g,TACO,139.73,12.6,3.79,8.11,,,,,,,,282.58,253.24,0.14,11.81,161.52,112.38,0.46,,,,,,,0.15,,,,,48.7,73.57,,,false,,taco_469,,
"Bebida isotônica, sabores variados",100g,TACO,25.61,0.0,6.4,0.0,,,,,,,,44.08,1.23,0.67,,8.97,13.03,,,,,,,,,,,,,,93.51,,,false,,taco_470,,
"Café, infusão 10%",100g,TACO,9.07,0.71,1.48,0.07,,,,,,,,1.03,3.16,,9.66,9.5,155.7,,,,,,,,,,,,,,97.37,,,false,,taco_471,,
"Cana, aguardente 1",100g,TACO,215.66,,,,,,,,,,,3.15,,,,,,,,,,,,,,,,,,,,,,false,,taco_472,,
"Cana, caldo de",100g,TACO,65.34,,18.15,,0.14,,,,,,,,9.08,0.75,11.97,4.78,17.97,0.05,,2.78,,,,,,,0.03,,,,81.73,,,false,,taco_473,,
"Cerveja, pilsen 2",100g,TACO,40.72,0.56,3.32,,,,,,,,,4.23,4.99,,6.74,19.0,29.47,,,,,,,,,2.92,0.14,,,,92.38,,,false,,taco_474,,
"Chá, erva-doce, infusão 5%",100g,TACO,1.4,0.0,0.39,0.0,,,,,,,,0.63,1.93,,0.88,0.65,9.93,,,,,,,1.23,0.23,,,,,,99.61,,,false,,taco_475,,
"Chá, mate, infusão 5%",100g,TACO,2.73,0.0,0.64,0.05,,,,,,,,,0.64,,2.04,,5.34,,,,,,,0.89,,,,,,,99.31,,,false,,taco_476,,
"Chá, preto, infusão 5%",100g,TACO,2.25,0.0,0.63,0.0,,,,,,,,,0.25,,0.96,1.51,13.44,,,,,,,3.11,0.48,,,,,,99.37,,,false,,taco_477,,
"Coco, água de",100g,TACO,21.51,0.0,5.28,0.0,0.13,,,,,,,1.78,18.84,,5.16,3.76,161.65,,,2.41,,,,0.01,,,,,,,94.25,,,false,,taco_478,,
"Refrigerante, tipo água tônica",100g,TACO,30.78,0.0,7.95,0.0,,,,,,,,8.29,1.08,,,0.15,1.51,,,,,,,,,,,,,,92.01,,,false,,taco_479,,
"Refrigerante, tipo cola",100g,TACO,33.51,0.0,8.66,0.0,,,,,,,,7.12,1.37,,,16.68,0.91,,,,,,,,,,,,,,91.28,,,false,,taco_480,,
"Refrigerante, tipo guaraná",100g,TACO,38.7,0.0,10.0,0.0,,,,,,,,9.01,1.41,,,,1.38,,,,,,,,,,,,,,89.96,,,false,,taco_481,,
"Refrigerante, tipo laranja",100g,TACO,45.63,0.0,11.79,0.0,,,,,,,,9.27,2.34,,1.21,1.47,15.5,,,,,,,,,,,,,,88.17,,,false,,taco_482,,
"Refrigerante, tipo limão",100g,TACO,39.72,0.0,10.26,0.0,,,,,,,,8.8,1.75,,0.53,,4.27,,,,,,,,,,,,,,89.69,,,false,,taco_483,,
"Omelete, de queijo",100g,TACO,268.01,15.57,0.44,22.01,,,,,,,,216.05,165.73,1.37,14.27,313.61,126.93,1.36,,,,,,0.03,0.24,,,,,383.83,60.49,,,false,,taco_484,,
"Ovo, de codorna, inteiro, cru",100g,TACO,176.89,13.69,0.77,12.68,,,,,,,,128.99,78.73,3.35,11.06,279.44,78.73,2.05,,,,,,0.11,0.12,0.97,,,,568.0,71.67,,,false,,taco_485,,
"Ovo, de galinha, clara, cozida/10minutos",100g,TACO,59.44,13.45,0.0,0.09,,,,,,,,180.54,6.23,0.08,11.01,15.43,145.87,,,,,,,,0.08,,,,,,85.23,,,false,,taco_486,,
"Ovo, de galinha, gema, cozida/10minutos",100g,TACO,352.67,15.9,1.56,30.78,,,,,,,,44.91,114.43,2.92,9.37,385.75,87.38,2.87,,,,,,0.18,0.22,,,,,1272.37,50.02,,,false,,taco_487,,
"Ovo, de galinha, inteiro, cozido/10minutos",100g,TACO,145.7,13.29,0.61,9.48,,,,,,,,145.9,49.22,1.52,11.24,184.19,138.9,1.24,,,,,,0.08,0.3,,,,,396.57,75.77,,,false,,taco_488,,
"Ovo, de galinha, inteiro, cru",100g,TACO,143.11,13.03,1.64,8.9,,,,,,,,167.91,42.02,1.56,12.66,164.35,150.0,1.08,,,,,,0.07,0.58,0.75,,,,355.94,75.6,,,false,,taco_489,,
"Ovo, de galinha, inteiro, frito",100g,TACO,240.19,15.62,1.19,18.59,,,,,,,,166.11,72.89,2.1,16.25,422.41,184.01,1.46,,,,,,0.06,0.32,,,,,516.26,63.5,,,false,,taco_490,,
"Achocolatado, pó",100g,TACO,401.02,4.2,91.18,2.17,3.89,,,,,,,64.79,44.4,5.36,76.74,199.97,496.45,1.04,,,,,,1.38,1.02,4.99,1.52,,,,1.1,,,false,,taco_491,,
"Açúcar, cristal",100g,TACO,386.85,0.32,99.61,,,,,,,,,,7.59,0.16,1.01,,2.56,,,,,,,,,,,,,,0.05,,,false,,taco_492,,
"Açúcar, mascavo",100g,TACO,368.55,0.76,94.45,0.09,,,,,,,,25.2,126.53,8.3,79.95,38.16,521.63,0.48,,,,,,,0.03,,,,,,3.32,,,false,,taco_493,,
"Açúcar, refinado",100g,TACO,386.57,0.32,99.54,,,,,,,,,12.16,3.5,0.11,0.55,,6.35,,,,,,,,,,,,,,0.12,,,false,,taco_494,,
"Chocolate, ao leite",100g,TACO,539.59,7.22,59.58,30.27,2.17,,,,,,,77.1,191.19,1.58,57.1,212.11,354.51,1.06,,,,,,0.05,0.22,0.63,0.59,,,16.52,1.26,,,false,,taco_495,,
"Chocolate, ao leite, com castanha do Pará",100g,TACO,558.88,7.41,55.38,34.19,2.46,,,,,,,64.05,171.23,1.47,79.57,302.52,430.92,1.3,,1.42,,,,0.04,0.24,1.37,,,,15.5,1.21,,,false,,taco_496,,
"Chocolate, ao leite, dietético",100g,TACO,556.82,6.9,56.32,33.77,2.85,,,,,,,84.71,187.89,3.31,67.21,276.47,458.4,1.12,,2.05,,,,0.31,0.25,0.79,,,,12.96,1.73,,,false,,taco_497,,
"Chocolate, meio amargo",100g,TACO,474.92,4.86,62.42,29.86,4.94,,,,,,,8.87,44.67,3.61,107.36,219.98,431.7,1.52,,2.1,,,,0.2,0.04,1.06,,,,2.22,1.02,,,false,,taco_498,,
Cocada branca,100g,TACO,448.85,1.12,81.38,13.59,3.57,,,,,,,28.99,7.06,1.24,17.41,396.41,183.07,0.41,,,,,,,,0.47,0.16,,,,3.42,,,false,,taco_499,,
"Doce, de abóbora, cremoso",100g,TACO,198.94,0.92,54.61,0.21,2.28,,,,,,,,12.99,0.85,5.52,13.74,136.75,,,0.11,,,,0.08,,,0.04,,,,43.88,,,false,,taco_500,,
"Doce, de leite, cremoso",100g,TACO,306.31,5.48,59.49,5.99,,,,,,,,120.09,195.1,0.07,16.26,140.78,259.46,0.53,35.64,,,,,0.05,0.26,,,,,20.06,27.5,,,false,,taco_501,,
"Geléia, mocotó, natural",100g,TACO,106.09,2.12,24.23,0.07,,,,,,,,42.68,3.52,0.12,0.75,,2.0,,,,,,,0.19,,,0.22,,,,73.48,,,false,,taco_502,,
Glicose de milho,100g,TACO,292.12,0.0,79.38,0.0,,,,,,,,58.93,5.67,0.05,1.9,4.78,5.06,,,,,,,,,,,,,,20.41,,,false,,taco_503,,
Maria mole,100g,TACO,301.24,3.81,73.55,0.19,0.67,,,,,,,15.31,13.36,0.39,6.89,4.35,23.56,0.09,,,,,,0.04,,,,,,,21.57,,,false,,taco_504,,
"Maria mole, coco queimado",100g,TACO,306.63,3.93,75.06,0.09,0.64,,,,,,,14.29,19.46,0.47,5.99,5.42,35.96,0.09,,,,,,0.04,,,,,,,20.73,,,false,,taco_505,,
Marmelada,100g,TACO,257.24,0.4,70.76,0.14,4.07,,,,,,,10.88,11.32,0.73,5.8,19.62,83.15,0.08,,,,,,,,,,,,,28.5,,,false,,taco_506,,
"Mel, de abelha",100g,TACO,309.24,0.0,84.03,0.0,,,,,,,,6.04,10.2,0.25,5.51,3.89,99.32,0.17,,0.74,,,,0.11,,,,,,,15.82,,,false,,taco_507,,
Melado,100g,TACO,296.51,0.0,76.62,0.0,,,,,,,,4.01,102.06,5.39,115.14,73.61,395.06,0.27,,,,,,,0.05,,0.2,,,,22.09,,,false,,taco_508,,
Quindim,100g,TACO,411.35,4.74,46.3,24.43,3.22,,,,,,,27.37,37.18,1.38,14.9,167.91,111.0,1.11,,,,,,,0.04,1.14,0.04,,,271.02,23.93,,,false,,taco_509,,
Rapadura,100g,TACO,351.96,0.99,90.79,0.07,,,,,,,,21.71,30.49,4.44,47.18,21.3,458.87,0.56,,,,,,,,,0.04,,,,7.1,,,false,,taco_510,,
"Café, pó, torrado",100g,TACO,418.62,14.7,65.75,11.95,51.23,,,,,,,1.13,106.89,8.13,165.12,169.48,1608.58,0.52,,,,,,,,11.89,,,,,2.93,,,false,,taco_511,,
"Capuccino, pó",100g,TACO,417.41,11.31,73.61,8.63,2.44,,,,,,,382.29,466.59,2.28,70.85,357.61,885.8,1.14,,,,,,,1.41,,,,,28.9,2.6,,,false,,taco_512,,
"Fermento em pó, químico",100g,TACO,89.72,0.48,43.91,0.07,,,,,,,,10052.41,,,,,,,,,,,,,,,,,,,7.08,,,false,,taco_513,,
"Fermento, biológico, levedura, tablete",100g,TACO,89.79,16.96,7.7,1.52,4.17,,,,,,,39.61,18.01,2.62,38.45,418.66,576.24,11.0,,,,,,0.3,0.36,,,,,,71.9,,,false,,taco_514,,
"Gelatina, sabores variados, pó",100g,TACO,380.22,8.89,89.22,,,,,,,,,234.92,26.84,0.33,2.31,1.99,7.25,,,40.0,,,,,,,,,,,1.24,,,false,,taco_515,,
"Sal, dietético",100g,TACO,,,,,,,,,,,,23431.52,,,,,20467.64,,,,,,,,,,,,,,0.6,,,false,,taco_516,,
"Sal, grosso",100g,TACO,,,,,,,,,,,,39943.2,,,,,,,,,,,,,,,,,,,0.41,,,false,,taco_517,,
Shoyu,100g,TACO,60.93,3.31,11.65,0.33,,,,,,,,5024.21,14.53,0.5,23.63,47.04,165.18,0.19,,,,,,0.83,0.06,2.1,0.15,,,,70.63,,,false,,taco_518,,
Tempero a base de sal,100g,TACO,21.33,2.67,2.07,0.26,0.56,,,,,,,32560.0,,,,,,,,,,,,,,,,,,,7.65,,,false,,taco_519,,
"Azeitona, preta, conserva",100g,TACO,194.15,1.16,5.54,20.34,4.55,,,,,,,1566.66,58.75,5.45,4.76,16.0,78.57,0.29,,,,,,,,,0.04,,,,68.46,,,false,,taco_520,,
"Azeitona, verde, conserva",100g,TACO,136.94,0.95,4.1,14.22,3.85,,,,,,,1347.18,45.64,0.18,3.94,5.36,19.81,0.08,,,,,,,,,,,,,76.26,,,false,,taco_521,,
"Chantilly, spray, com gordura vegetal",100g,TACO,314.96,0.53,16.86,27.27,,,,,,,,109.7,2.27,,0.85,15.65,5.11,0.07,,,,,,0.07,,,,,,,55.14,,,false,,taco_522,,
"Leite, de coco",100g,TACO,166.16,1.01,2.19,18.36,0.68,,,,,,,44.29,5.85,0.46,16.83,25.52,143.67,0.32,,,,,,,,,,,,,77.98,,,false,,taco_523,,
"Maionese, tradicional com ovos",100g,TACO,302.15,0.58,7.9,30.5,,,,,,,,786.83,3.48,0.1,0.86,14.45,16.09,0.06,,,,,,,0.05,,,,,42.47,58.42,,,false,,taco_524,,
Acarajé,100g,TACO,289.21,8.35,19.11,19.93,9.36,,,,,,,304.89,124.42,1.93,51.12,141.56,353.66,1.19,,,,,,0.06,,,,,,25.46,50.46,,,false,,taco_525,,
Arroz carreteiro,100g,TACO,153.77,10.83,11.58,7.12,1.5,,,,,,,1621.73,13.26,0.95,9.29,47.64,87.15,2.67,,,,,,0.03,,1.6,0.07,,,36.09,68.04,,,false,,taco_526,,
"Baião de dois, arroz e feijão-de-corda",100g,TACO,135.68,6.24,20.42,3.23,5.07,,,,,,,93.3,33.3,0.56,18.68,71.68,157.31,0.6,,,,,,0.04,,,0.04,,,4.1,69.05,,,false,,taco_527,,
Barreado,100g,TACO,164.98,18.27,0.24,9.53,0.15,,,,,,,47.63,14.51,2.44,21.37,169.31,294.56,4.83,,,,,,0.03,0.04,2.09,,,,60.11,71.17,,,false,,taco_528,,
"Bife à cavalo, com contra filé",100g,TACO,291.23,23.66,0.0,21.15,,,,,,,,82.87,25.98,2.1,19.49,215.82,272.23,3.21,,,,,,0.05,0.1,2.92,,,,256.63,54.21,,,false,,taco_529,,
Bolinho de arroz,100g,TACO,273.51,8.04,41.68,8.29,2.74,,,,,,,58.86,23.57,2.12,13.45,87.27,96.45,0.86,,,,,,0.08,0.05,,,,,70.3,41.5,,,false,,taco_530,,
Camarão à baiana,100g,TACO,100.78,7.94,3.17,5.97,0.39,,,,,,,84.79,42.68,1.42,14.86,244.09,139.14,0.47,,4.07,,,,,,0.31,,,,116.78,81.99,,,false,,taco_531,,
"Charuto, de repolho",100g,TACO,78.23,6.78,10.13,1.12,1.46,,,,,,,12.1,22.89,0.86,13.46,67.89,184.03,1.75,,4.77,,,,0.03,,0.32,,,,21.34,81.55,,,false,,taco_532,,
"Cuscuz, de milho, cozido com sal",100g,TACO,113.46,2.16,25.28,0.68,2.05,,,,,,,247.67,1.54,0.17,2.72,23.18,10.85,0.2,,,,,,,,,0.06,,,,71.14,,,false,,taco_533,,
"Cuscuz, paulista",100g,TACO,142.12,2.56,22.51,4.65,2.43,,,,,,,235.71,14.16,0.33,5.1,25.95,52.93,0.21,,,,,,,,0.93,,,,15.05,68.94,,,false,,taco_534,,
"Cuxá, molho",100g,TACO,80.09,5.64,5.74,3.59,3.02,,,,,,,1344.29,105.48,0.94,33.58,111.13,124.06,0.57,16.29,10.28,,,,0.04,,1.1,0.03,,,58.39,80.99,,,false,,taco_535,,
Dobradinha,100g,TACO,124.5,19.77,0.0,4.44,,,,,,,,28.77,11.34,1.01,8.25,57.12,57.58,2.72,,,,,,,,4.27,,,,144.02,75.27,,,false,,taco_536,,
Estrogonofe de carne,100g,TACO,173.14,15.03,2.98,10.8,,,,,,,,122.85,28.32,2.7,21.51,185.57,322.31,2.04,,,,,,0.06,0.05,3.25,,,,66.22,70.13,,,false,,taco_537,,
Estrogonofe de frango,100g,TACO,156.81,17.55,2.59,7.96,,,,,,,,99.45,26.05,1.52,24.76,195.16,307.09,0.58,,,,,,0.07,0.04,3.37,0.03,,,79.96,70.89,,,false,,taco_538,,
Feijão tropeiro mineiro,100g,TACO,151.56,10.17,19.58,6.79,3.57,,,,,,,365.07,41.2,2.16,36.11,199.25,348.93,1.45,,,,,,,,1.44,,,,67.88,61.67,,,false,,taco_539,,
L,100g,TACO,116.93,8.67,11.64,6.48,5.09,,,,,,,278.22,32.38,1.35,31.85,105.46,303.49,0.83,,,,,,0.08,0.03,0.93,,,,21.96,71.8,,,false,,taco_540,,
"Frango, com açafrão",100g,TACO,112.78,9.7,4.06,6.17,0.22,,,,,,,28.81,12.99,0.84,16.09,166.84,256.37,0.5,,5.28,,,,0.03,,1.64,,,,50.42,79.52,,,false,,taco_541,,
"Macarrão, molho bolognesa",100g,TACO,119.53,4.93,22.52,0.89,0.78,,,,,,,8.94,10.55,1.39,9.98,53.96,83.57,0.75,,,,,,0.04,,1.44,,,,6.93,71.41,,,false,,taco_542,,
Maniçoba,100g,TACO,134.22,9.96,3.42,8.7,2.16,,,,,,,406.7,65.98,3.22,23.65,54.88,147.71,2.03,110.94,,,,,0.04,0.07,2.58,0.05,,,42.77,76.4,,,false,,taco_543,,
Quibebe,100g,TACO,86.35,8.56,6.64,2.67,1.67,,,,,,,246.61,7.68,0.78,10.39,42.52,152.81,1.64,52.46,,,,,,0.03,,0.04,,,,81.11,,,false,,taco_544,,
"Salada, de legumes, com maionese",100g,TACO,96.1,1.05,8.92,7.04,2.22,,,,,,,228.43,12.13,0.23,8.71,22.27,141.29,0.16,141.38,,,,,0.04,,,0.04,,,7.2,82.04,,,false,,taco_545,,
"Salada, de legumes, cozida no vapor",100g,TACO,35.41,2.01,7.09,0.31,2.51,,,,,,,2.51,32.9,0.44,18.58,44.79,244.3,0.3,255.0,29.35,,,,0.05,0.03,,0.03,,,,89.98,,,false,,taco_546,,
"Salpicão, de frango",100g,TACO,147.86,13.93,4.57,7.84,0.41,,,,,,,248.35,9.41,0.32,13.25,102.58,148.97,0.39,7.25,9.26,,,,0.05,,1.48,,,,52.52,72.53,,,false,,taco_547,,
Sarapatel,100g,TACO,122.98,18.47,1.09,4.42,,,,,,,,215.62,12.23,7.18,12.8,163.5,198.76,1.77,,,,,,,0.11,3.84,,,,315.36,74.95,,,false,,taco_548,,
Tabule,100g,TACO,57.45,2.05,10.58,1.21,2.08,,,,,,,1.19,18.85,0.55,17.98,35.47,187.63,0.58,,16.22,,,,0.03,,0.6,,,,,85.77,,,false,,taco_549,,
Tacacá,100g,TACO,46.89,6.96,3.39,0.36,0.21,,,,,,,1349.06,44.82,0.95,29.9,89.17,240.18,0.79,17.68,,,,,0.05,,,,,,70.56,85.19,,,false,,taco_550,,
"Tapioca, com manteiga",100g,TACO,347.83,0.09,63.59,10.91,,,,,,,,157.52,30.03,0.24,3.22,8.43,19.3,0.04,,,,,,,,,,,,31.19,24.9,,,false,,taco_551,,
"Tucupi, com pimenta-de-cheiro",100g,TACO,27.18,2.06,4.74,0.28,0.23,,,,,,,5.13,28.26,1.15,42.49,30.81,390.84,0.85,25.29,46.4,,,,,,,0.05,,,,91.88,,,false,,taco_552,,
Vaca atolada,100g,TACO,144.9,5.12,10.06,9.32,2.34,,,,,,,25.63,62.66,0.73,15.75,71.77,219.81,1.2,,,,,,,,0.77,,,,18.59,74.95,,,false,,taco_553,,
Vatapá,100g,TACO,254.89,6.0,9.75,23.23,1.7,,,,,,,879.85,46.82,1.44,39.32,108.44,209.41,0.85,,,,,,,,1.8,,,,44.45,58.36,,,false,,taco_554,,
Virado à paulista,100g,TACO,306.95,10.18,14.11,25.59,2.16,,,,,,,345.53,40.71,1.05,21.81,135.49,237.26,1.04,,,,,,0.14,0.05,2.6,,,,65.84,48.59,,,false,,taco_555,,
Yakisoba,100g,TACO,112.8,7.52,18.25,2.61,1.06,,,,,,,793.76,13.95,0.62,13.34,83.03,158.57,0.68,31.0,,,,,0.16,,2.09,,,,,69.38,,,false,,taco_556,,
"Amendoim, grão, cru",100g,TACO,544.05,27.19,20.31,43.85,8.04,,,,,,,,,2.53,170.51,407.2,580.44,3.17,,,,,,0.1,0.03,10.18,0.76,,,,6.43,,,false,,taco_557,,
"Amendoim, torrado, salgado",100g,TACO,605.78,22.48,18.7,53.96,7.76,,,,,,,375.73,39.43,1.33,159.34,260.76,495.67,2.12,,,,,,0.08,,7.47,0.21,,,,1.69,,,false,,taco_558,,
"Ervilha, em vagem",100g,TACO,88.09,7.45,14.23,0.47,9.72,,,,,,,,24.44,1.44,41.76,151.98,310.98,1.23,,12.44,,,,0.27,0.07,1.16,0.06,,,,76.84,,,false,,taco_559,,
"Ervilha, enlatada, drenada",100g,TACO,73.84,4.6,13.44,0.38,5.08,,,,,,,372.11,22.21,1.39,23.19,78.51,147.12,0.88,4.58,,,,,0.07,0.03,,,,,,80.14,,,false,,taco_560,,
"Feijão, carioca, cozido",100g,TACO,76.42,4.78,13.59,0.54,8.51,,,,,,,1.76,26.59,1.29,42.34,86.85,254.62,0.7,,,,,,0.04,,,,,,,80.35,,,false,,taco_561,,
"Feijão, carioca, cru",100g,TACO,329.03,19.98,61.22,1.26,18.42,,,,,,,,122.57,7.99,209.95,385.38,1352.46,2.9,,,,,,0.17,,4.02,0.65,,,,14.0,,,false,,taco_562,,
"Feijão, fradinho, cozido",100g,TACO,78.01,5.09,13.5,0.64,7.47,,,,,,,0.98,17.45,1.06,38.12,84.59,252.98,1.12,,,,,,0.12,,,,,,,80.01,,,false,,taco_563,,
"Feijão, fradinho, cru",100g,TACO,339.16,20.21,61.24,2.37,23.59,,,,,,,10.31,77.52,5.13,178.39,354.51,1082.74,3.88,,,,,,0.14,0.03,,0.26,,,,12.7,,,false,,taco_564,,
"Feijão, jalo, cozido",100g,TACO,92.74,6.14,16.5,0.51,13.87,,,,,,,0.52,29.4,1.92,44.1,121.01,347.72,1.01,,,,,,0.13,,,0.04,,,,75.84,,,false,,taco_565,,
"Feijão, jalo, cru",100g,TACO,327.91,20.1,61.48,0.95,30.32,,,,,,,24.58,97.97,7.03,169.9,427.19,1275.95,3.01,,,,,,0.1,,,0.12,,,,13.53,,,false,,taco_566,,
"Feijão, preto, cozido",100g,TACO,77.03,4.48,14.01,0.54,8.4,,,,,,,1.85,29.0,1.47,40.37,88.03,256.37,0.72,,,,,,0.06,,,0.03,,,,80.22,,,false,,taco_567,,
"Feijão, preto, cru",100g,TACO,323.57,21.34,58.75,1.24,21.83,,,,,,,,110.9,6.46,188.11,471.16,1415.68,2.85,,,,,,0.12,,4.6,0.59,,,,14.88,,,false,,taco_568,,
"Feijão, rajado, cozido",100g,TACO,84.7,5.54,15.27,0.4,9.32,,,,,,,0.69,29.19,1.36,41.71,112.93,314.58,0.92,,,,,,0.09,,,0.04,,,,77.86,,,false,,taco_569,,
"Feijão, rajado, cru",100g,TACO,325.84,17.27,62.93,1.17,24.01,,,,,,,13.65,111.43,18.58,169.9,334.79,1134.54,2.6,,,,,,0.07,0.03,,0.07,,,,14.96,,,false,,taco_570,,
"Feijão, rosinha, cozido",100g,TACO,67.87,4.54,11.82,0.48,4.76,,,,,,,2.08,19.24,1.18,42.96,89.51,240.57,1.3,,,,,,,,3.69,,,,,82.58,,,false,,taco_571,,
"Feijão, rosinha, cru",100g,TACO,336.96,20.92,62.22,1.33,20.63,,,,,,,24.11,67.66,5.32,184.5,393.59,1108.66,3.98,,,,,,0.16,0.03,3.92,,,,,11.95,,,false,,taco_572,,
"Feijão, roxo, cozido",100g,TACO,76.89,5.72,12.91,0.54,11.51,,,,,,,1.46,22.53,1.41,34.39,106.33,268.09,1.01,,,,,,0.15,,,0.03,,,,79.99,,,false,,taco_573,,
"Feijão, roxo, cru",100g,TACO,331.41,22.17,59.99,1.24,33.84,,,,,,,9.76,120.46,6.92,161.94,393.7,1221.4,3.29,,,,,,0.26,,,0.08,,,,12.64,,,false,,taco_574,,
"Grão-de-bico, cru",100g,TACO,354.7,21.23,57.88,5.43,12.36,,,,,,,5.19,114.36,5.38,146.39,342.34,1115.7,3.19,,,,,,0.52,,,0.75,,,,12.29,,,false,,taco_575,,
"Guandu, cru",100g,TACO,344.13,18.96,64.0,2.13,21.31,,,,,,,1.62,129.34,1.94,166.0,269.19,1214.8,2.02,,1.47,,,,1.06,,2.69,0.07,,,,11.45,,,false,,taco_576,,
"Lentilha, cozida",100g,TACO,92.64,6.31,16.3,0.52,7.86,,,,,,,1.18,16.1,1.48,21.65,103.74,219.9,1.13,,,,,,0.03,,,,,,,76.25,,,false,,taco_577,,
"Lentilha, crua",100g,TACO,339.14,23.15,62.0,0.77,16.94,,,,,,,,53.52,7.05,93.53,367.74,886.88,3.49,,,,,,0.11,,5.07,0.42,,,,11.47,,,false,,taco_578,,
"Paçoca, amendoim",100g,TACO,486.93,16.0,52.38,26.08,7.32,,,,,,,166.84,22.48,1.13,100.67,198.5,347.6,1.56,,,,,,,,,1.2,,,,1.8,,,false,,taco_579,,
"Pé-de-moleque, amendoim",100g,TACO,503.19,13.16,54.73,28.05,3.39,,,,,,,16.35,27.11,1.26,107.9,170.71,355.41,1.43,,,,,,0.04,0.03,5.94,0.11,,,,2.91,,,false,,taco_580,,
"Soja, farinha",100g,TACO,403.96,36.03,38.44,14.63,20.18,,,,,,,5.75,206.02,13.06,241.9,539.25,1922.39,4.54,,,,,,0.2,0.04,,0.03,,,,5.75,,,false,,taco_581,,
"Soja, extrato solúvel, natural, fluido",100g,TACO,39.1,2.38,4.28,1.61,0.37,,,,,,,56.53,16.52,0.43,15.45,52.89,121.04,0.28,,,,,,,,,,,,,91.28,,,false,,taco_582,,
"Soja, extrato solúvel, pó",100g,TACO,458.9,35.69,28.48,26.18,7.31,,,,,,,83.47,359.04,7.01,215.62,646.55,1606.8,5.84,,9.21,,,,,0.11,,0.35,,,,4.47,,,false,,taco_583,,
"Soja, queijo (tofu)",100g,TACO,64.49,6.55,2.13,3.95,0.75,,,,,,,1.21,80.76,1.43,38.2,129.52,181.69,0.89,,,,,,0.04,,,0.03,,,,86.65,,,false,,taco_584,,
"Tremoço, cru",100g,TACO,381.28,33.58,43.79,10.34,32.31,,,,,,,3.29,176.75,2.79,121.43,264.68,708.32,4.24,,24.97,,,,0.24,,,0.07,,,,9.69,,,false,,taco_585,,
"Tremoço, em conserva",100g,TACO,120.64,11.11,12.39,3.78,14.44,,,,,,,1808.76,15.54,0.34,3.52,39.72,5.2,0.64,,,,,,,,,,,,,67.68,,,false,,taco_586,,
"Amêndoa, torrada, salgada",100g,TACO,580.75,18.55,29.55,47.32,11.64,,,,,,,278.52,236.7,3.06,222.1,493.06,639.6,2.58,,,,,,0.29,0.16,,,,,,3.11,,,false,,taco_587,,
"Castanha-de-caju, torrada, salgada",100g,TACO,570.17,18.51,29.13,46.28,3.66,,,,,,,125.0,32.59,5.22,236.61,594.22,671.46,4.72,,,,,,0.29,0.05,,0.39,,,,3.46,,,false,,taco_588,,
"Castanha-do-Brasil, crua",100g,TACO,642.96,14.54,15.08,63.46,7.93,,,,,,,0.65,146.34,2.31,365.12,853.28,650.99,4.22,,,,,,0.3,,,0.44,,,,3.52,,,false,,taco_589,,
"Coco, cru",100g,TACO,406.49,3.69,10.4,41.98,5.38,,,,,,,15.32,6.48,1.76,51.46,117.54,354.15,0.94,,2.49,,,,,,,0.03,,,,42.96,,,false,,taco_590,,
"Coco,  verde, cru",100g,TACO,,,,,,,,,,,,,,,,,,,,,,,,,,,,,,,,,,false,,taco_591,,
"Farinha, de mesocarpo de babaçu, crua",100g,TACO,328.77,1.41,79.17,0.2,17.86,,,,,,,12.46,60.95,18.33,39.35,25.56,362.07,0.34,,,,,,,,2.58,,,,,15.82,,,false,,taco_592,,
"Gergelim, semente",100g,TACO,583.55,21.16,21.62,50.43,11.87,,,,,,,2.57,825.45,5.45,360.69,740.71,546.29,5.24,,,,,,0.94,,5.92,0.13,,,,3.86,,,false,,taco_593,,
"Linhaça, semente",100g,TACO,495.1,14.08,43.31,32.25,33.5,,,,,,,8.67,211.5,4.7,346.92,615.18,869.29,4.39,,,,,,0.12,,,0.13,,,,6.68,,,false,,taco_594,,
"Pinhão, cozido",100g,TACO,174.37,2.98,43.92,0.75,15.6,,,,,,,0.86,15.77,0.76,52.97,165.84,727.01,0.83,,27.69,,,,,,,,,,,50.51,,,false,,taco_595,,
"Pupunha, cozida",100g,TACO,218.53,2.52,29.57,12.76,4.25,,,,,,,0.91,27.59,0.52,25.29,48.77,303.36,0.29,437.72,2.18,,,,,0.09,,0.03,,,,54.46,,,false,,taco_596,,
"Noz, crua",100g,TACO,620.06,13.97,18.36,59.36,7.25,,,,,,,4.57,105.31,2.04,152.89,396.28,533.25,2.06,,,,,,0.38,,1.08,0.13,,,,6.24,,,false,,taco_597,,
